Country,Country Code,Year,UnemploymentRate,Region,SubRegion,HomicideRate,Ratio
Argentina,ARG,2000,15.0,Americas,South America,7.2,0.48000000000000004
Australia,AUS,2000,6.300000191,Oceania,Australia and New Zealand,1.9,0.30158729244394084
Austria,AUT,2000,3.5,Europe,Western Europe,1.0,0.2857142857142857
Azerbaijan,AZE,2000,11.80000019,Asia,Western Asia,2.8,0.2372881317724792
Belgium,BEL,2000,6.599999905,Europe,Western Europe,2.1,0.3181818227617081
Bangladesh,BGD,2000,3.299999952,Asia,Southern Asia,2.5,0.7575757685950415
Belarus,BLR,2000,6.5,Europe,Eastern Europe,10.1,1.5538461538461539
Belize,BLZ,2000,10.899999619999999,Americas,Central Americas,17.2,1.5779817063883532
Barbados,BRB,2000,9.300000191,Americas,Caribbean,7.5,0.8064515963406177
Bhutan,BTN,2000,1.700000048,Asia,Southern Asia,3.2,1.8823528880276834
Canada,CAN,2000,6.800000191,Americas,Northern America,1.6,0.2352941110380625
Switzerland,CHE,2000,2.700000048,Europe,Western Europe,1.0,0.37037036378600835
Colombia,COL,2000,16.60000038,Americas,South America,66.5,4.006024004681378
Costa Rica,CRI,2000,5.099999905,Americas,Central Americas,6.4,1.2549019841599391
Czech Republic,CZE,2000,8.800000191,Europe,Eastern Europe,1.8,0.2045454501058885
Germany,DEU,2000,7.699999809,Europe,Western Europe,1.2,0.15584415970990056
Denmark,DNK,2000,4.5,Europe,Northern Europe,1.1,0.24444444444444446
Dominican Republic,DOM,2000,14.19999981,Americas,Caribbean,14.0,0.9859155061495737
Ecuador,ECU,2000,7.199999809,Americas,South America,14.6,2.0277778315702175
Spain,ESP,2000,14.19999981,Europe,Southern Europe,1.4,0.09859155061495736
Estonia,EST,2000,13.100000380000001,Europe,Northern Europe,10.5,0.8015266943068592
Finland,FIN,2000,9.699999809,Europe,Northern Europe,2.9,0.29896907805186534
France,FRA,2000,10.19999981,Europe,Western Europe,1.8,0.17647059152249142
United Kingdom,GBR,2000,5.599999905,Europe,Northern Europe,1.7,0.30357143372130113
Georgia,GEO,2000,10.80000019,Asia,Western Asia,5.0,0.4629629548182443
Greece,GRC,2000,11.100000380000001,Europe,Southern Europe,0.7,0.06306306090414746
Guatemala,GTM,2000,1.399999976,Americas,Central Americas,25.9,18.500000317142863
Guyana,GUY,2000,11.5,Americas,South America,9.9,0.8608695652173913
Honduras,HND,2000,3.9000000950000002,Americas,Central Americas,50.9,13.051281733366213
Croatia,HRV,2000,16.10000038,Europe,Southern Europe,2.3,0.1428571394853594
Hungary,HUN,2000,6.400000095,Europe,Eastern Europe,2.0,0.31249999536132816
Indonesia,IDN,2000,6.099999905,Asia,South-Eastern Asia,1.1,0.18032787166084394
India,IND,2000,4.300000191,Asia,Southern Asia,4.5,1.0465115814223926
Ireland,IRL,2000,4.300000191,Europe,Northern Europe,1.0,0.23255812920497615
Iceland,ISL,2000,2.299999952,Europe,Northern Europe,1.8,0.7826087119848776
Israel,ISR,2000,8.800000191,Asia,Western Asia,2.4,0.27272726680785137
Italy,ITA,2000,10.80000019,Europe,Southern Europe,1.3,0.12037036825274353
Jamaica,JAM,2000,15.5,Americas,Caribbean,34.4,2.2193548387096773
Kazakhstan,KAZ,2000,12.80000019,Asia,Central Asia,16.0,1.2499999814453127
Luxembourg,LUX,2000,2.299999952,Europe,Western Europe,0.9,0.3913043559924388
Latvia,LVA,2000,14.19999981,Europe,Northern Europe,10.0,0.7042253615354098
Morocco,MAR,2000,13.600000380000001,Africa,Northern Africa,1.6,0.11764705553633227
Mexico,MEX,2000,2.5999999049999998,Americas,Central Americas,10.3,3.961538606286988
Malta,MLT,2000,6.300000191,Europe,Southern Europe,1.0,0.1587301539178636
Malawi,MWI,2000,7.599999905,Africa,Eastern Africa,6.2,0.8157894838815791
Namibia,NAM,2000,20.299999239999998,Africa,Southern Africa,20.0,0.9852217117619952
Nicaragua,NIC,2000,6.199999809,Americas,Central Americas,9.3,1.500000046209679
Netherlands,NLD,2000,2.700000048,Europe,Western Europe,1.1,0.4074074001646092
Norway,NOR,2000,3.4000000950000002,Europe,Northern Europe,1.1,0.32352940272491376
Nepal,NPL,2000,2.4000000950000002,Asia,Southern Asia,2.7,1.1249999554687518
New Zealand,NZL,2000,6.199999809,Oceania,Australia and New Zealand,1.3,0.2096774258142562
Pakistan,PAK,2000,7.199999809,Asia,Southern Asia,6.2,0.8611111339544759
Panama,PAN,2000,13.5,Americas,Central Americas,9.8,0.725925925925926
Peru,PER,2000,6.400000095,Americas,South America,5.0,0.7812499884033205
Papua New Guinea,PNG,2000,2.9000000950000002,Oceania,Melanesia,8.6,2.9655171442330586
Poland,POL,2000,16.10000038,Europe,Eastern Europe,2.2,0.13664595950773512
Puerto Rico,PRI,2000,10.30000019,Americas,Caribbean,18.3,1.7766989963521544
Portugal,PRT,2000,3.9000000950000002,Europe,Southern Europe,1.1,0.28205127518080225
Paraguay,PRY,2000,7.599999905,Americas,South America,18.6,2.4473684516447376
Romania,ROU,2000,7.0,Europe,Eastern Europe,2.5,0.35714285714285715
Singapore,SGP,2000,3.700000048,Asia,South-Eastern Asia,0.9,0.24324324008765527
El Salvador,SLV,2000,7.0,Americas,Central Americas,39.3,5.614285714285714
Serbia,SRB,2000,12.600000380000001,Europe,Southern Europe,2.2,0.17460316933736475
Slovenia,SVN,2000,6.900000095,Europe,Southern Europe,1.8,0.26086956162570896
Sweden,SWE,2000,5.900000095,Europe,Northern Europe,1.1,0.18644067496409084
Syrian Arab Republic,SYR,2000,9.5,Asia,Western Asia,2.2,0.23157894736842108
Thailand,THA,2000,2.4000000950000002,Asia,South-Eastern Asia,8.2,3.416666531423616
Tajikistan,TJK,2000,11.899999619999999,Asia,Central Asia,4.6,0.3865546341925009
Trinidad and Tobago,TTO,2000,12.100000380000001,Americas,Caribbean,9.5,0.7851239422853638
Uruguay,URY,2000,10.69999981,Americas,South America,6.4,0.5981308517425105
South Africa,ZAF,2000,26.700000760000002,Africa,Southern Africa,48.5,1.8164793490440334
Argentina,ARG,2001,18.299999239999998,Americas,South America,8.2,0.4480874503030854
Australia,AUS,2001,6.800000191,Oceania,Australia and New Zealand,1.8,0.26470587491782027
Austria,AUT,2001,3.5999999049999998,Europe,Western Europe,0.9,0.25000000659722244
Azerbaijan,AZE,2001,10.899999619999999,Asia,Western Asia,2.7,0.2477064306539857
Belgium,BEL,2001,6.199999809,Europe,Western Europe,2.7,0.43548388438345514
Bangladesh,BGD,2001,3.4000000950000002,Asia,Southern Asia,2.7,0.7941176248702428
Belarus,BLR,2001,6.5,Europe,Eastern Europe,9.8,1.5076923076923079
Belize,BLZ,2001,9.100000381,Americas,Central Americas,26.1,2.86813174804855
Barbados,BRB,2001,9.800000191,Americas,Caribbean,9.3,0.9489795733413166
Bhutan,BTN,2001,1.899999976,Asia,Southern Asia,3.3,1.7368421272022163
Canada,CAN,2001,7.199999809,Americas,Northern America,1.8,0.2500000066319446
Switzerland,CHE,2001,2.5,Europe,Western Europe,1.2,0.48
Colombia,COL,2001,15.100000380000001,Americas,South America,68.6,4.543046243287577
Costa Rica,CRI,2001,6.0,Americas,Central Americas,6.4,1.0666666666666667
Czech Republic,CZE,2001,8.100000381,Europe,Eastern Europe,1.4,0.17283949804298165
Germany,DEU,2001,7.800000191,Europe,Western Europe,1.1,0.14102563757232095
Denmark,DNK,2001,4.199999809,Europe,Northern Europe,1.0,0.23809524892290296
Dominican Republic,DOM,2001,15.69999981,Americas,Caribbean,12.4,0.7898089267556495
Ecuador,ECU,2001,8.399999619,Americas,South America,13.0,1.5476191178146288
Spain,ESP,2001,10.69999981,Europe,Southern Europe,1.4,0.13084112381867416
Estonia,EST,2001,12.399999619999999,Europe,Northern Europe,10.1,0.814516153993237
Finland,FIN,2001,9.100000381,Europe,Northern Europe,3.0,0.32967031586764944
France,FRA,2001,8.600000381,Europe,Western Europe,1.8,0.20930231630881602
United Kingdom,GBR,2001,4.800000191,Europe,Northern Europe,1.8,0.37499998507812565
Georgia,GEO,2001,11.19999981,Asia,Western Asia,5.6,0.500000008482143
Greece,GRC,2001,10.19999981,Europe,Southern Europe,1.2,0.11764706101499428
Guatemala,GTM,2001,1.299999952,Americas,Central Americas,28.1,21.615385413491154
Guyana,GUY,2001,11.69999981,Americas,South America,10.6,0.9059829206954492
Honduras,HND,2001,4.099999905,Americas,Central Americas,54.8,13.365853968233202
Croatia,HRV,2001,20.5,Europe,Southern Europe,1.8,0.0878048780487805
Hungary,HUN,2001,5.699999809,Europe,Eastern Europe,2.5,0.43859650592490046
India,IND,2001,4.0,Asia,Southern Asia,4.3,1.075
Ireland,IRL,2001,3.700000048,Europe,Northern Europe,1.3,0.35135134679327984
Iceland,ISL,2001,2.299999952,Europe,Northern Europe,0.4,0.17391304710775057
Israel,ISR,2001,9.300000191,Asia,Western Asia,3.6,0.3870967662434965
Italy,ITA,2001,9.600000381,Europe,Southern Europe,1.2,0.1249999950390627
Jamaica,JAM,2001,15.0,Americas,Caribbean,43.7,2.9133333333333336
Kazakhstan,KAZ,2001,10.399999619999999,Asia,Central Asia,14.8,1.4230769750739667
Luxembourg,LUX,2001,1.799999952,Europe,Western Europe,2.0,1.1111111407407415
Latvia,LVA,2001,13.100000380000001,Europe,Northern Europe,9.3,0.7099236435289324
Morocco,MAR,2001,12.5,Africa,Northern Africa,1.9,0.152
Mexico,MEX,2001,2.5,Americas,Central Americas,9.8,3.9200000000000004
Malta,MLT,2001,7.099999905,Europe,Southern Europe,1.5,0.21126760846062292
Malawi,MWI,2001,7.800000191,Africa,Eastern Africa,7.7,0.9871794630062466
Namibia,NAM,2001,21.5,Africa,Southern Africa,18.3,0.8511627906976744
Nicaragua,NIC,2001,5.900000095,Americas,Central Americas,10.4,1.7627118360241314
Netherlands,NLD,2001,2.0999999049999998,Europe,Western Europe,1.3,0.6190476470521555
Norway,NOR,2001,3.4000000950000002,Europe,Northern Europe,0.8,0.23529411107266454
Nepal,NPL,2001,3.5,Asia,Southern Asia,3.6,1.0285714285714287
New Zealand,NZL,2001,5.400000095,Oceania,Australia and New Zealand,1.3,0.24074073650548705
Oman,OMN,2001,8.100000381,Asia,Western Asia,0.6,0.07407407058984927
Pakistan,PAK,2001,7.400000095,Asia,Southern Asia,6.5,0.8783783671018993
Panama,PAN,2001,14.0,Americas,Central Americas,9.8,0.7000000000000001
Peru,PER,2001,5.099999905,Americas,South America,4.9,0.9607843316224534
Papua New Guinea,PNG,2001,2.799999952,Oceania,Melanesia,7.9,2.8214286197959195
Poland,POL,2001,18.200000760000002,Europe,Eastern Europe,2.0,0.1098901053012923
Puerto Rico,PRI,2001,11.600000380000001,Americas,Caribbean,19.7,1.6982758064357923
Portugal,PRT,2001,4.0,Europe,Southern Europe,1.0,0.25
Paraguay,PRY,2001,7.599999905,Americas,South America,24.1,3.171052671217106
Romania,ROU,2001,6.599999905,Europe,Eastern Europe,2.7,0.40909091497933897
Singapore,SGP,2001,3.700000048,Asia,South-Eastern Asia,0.7,0.18918918673484297
El Salvador,SLV,2001,7.0,Americas,Central Americas,36.9,5.271428571428571
Serbia,SRB,2001,12.80000019,Europe,Southern Europe,2.4,0.18749999721679692
Slovenia,SVN,2001,5.699999809,Europe,Southern Europe,1.4,0.24561404331794423
Sweden,SWE,2001,5.099999905,Europe,Northern Europe,1.0,0.19607843502499048
Syrian Arab Republic,SYR,2001,11.600000380000001,Asia,Western Asia,2.3,0.19827585557372193
Thailand,THA,2001,2.5999999049999998,Asia,South-Eastern Asia,8.0,3.0769231893491167
Tajikistan,TJK,2001,12.0,Asia,Central Asia,3.7,0.30833333333333335
Trinidad and Tobago,TTO,2001,10.80000019,Americas,Caribbean,11.9,1.1018518324674214
Uruguay,URY,2001,9.699999809,Americas,South America,6.6,0.6804123845318315
South Africa,ZAF,2001,25.39999962,Africa,Southern Africa,47.0,1.8503937284704575
Argentina,ARG,2002,17.89999962,Americas,South America,9.2,0.5139664913579478
Australia,AUS,2002,6.400000095,Oceania,Australia and New Zealand,1.9,0.29687499559326175
Austria,AUT,2002,4.0,Europe,Western Europe,0.8,0.2
Azerbaijan,AZE,2002,10.0,Asia,Western Asia,2.6,0.26
Belgium,BEL,2002,7.5,Europe,Western Europe,3.1,0.41333333333333333
Bangladesh,BGD,2002,3.4000000950000002,Asia,Southern Asia,2.6,0.7647058609861598
Belarus,BLR,2002,6.599999905,Europe,Eastern Europe,10.0,1.5151515369605146
Belize,BLZ,2002,10.0,Americas,Central Americas,34.6,3.46
Barbados,BRB,2002,10.30000019,Americas,Caribbean,9.3,0.902912604703554
Bhutan,BTN,2002,1.899999976,Asia,Southern Asia,3.2,1.6842105475900282
Canada,CAN,2002,7.699999809,Americas,Northern America,1.7,0.2207792262556925
Switzerland,CHE,2002,2.9000000950000002,Europe,Western Europe,1.2,0.41379308989298497
China,CHN,2002,4.400000095,Asia,Eastern Asia,2.0,0.4545454447314051
Colombia,COL,2002,15.80000019,Americas,South America,68.9,4.360759441231374
Costa Rica,CRI,2002,6.400000095,Americas,Central Americas,6.3,0.9843749853881838
Czech Republic,CZE,2002,7.300000191,Europe,Eastern Europe,1.5,0.20547944667855148
Germany,DEU,2002,8.600000381,Europe,Western Europe,1.1,0.1279069710776098
Denmark,DNK,2002,4.599999905,Europe,Northern Europe,1.0,0.21739130883742921
Dominican Republic,DOM,2002,16.10000038,Americas,Caribbean,14.3,0.8881987368002783
Ecuador,ECU,2002,9.100000381,Americas,South America,14.6,1.6043955372225607
Spain,ESP,2002,11.600000380000001,Europe,Southern Europe,1.4,0.12068965121878727
Estonia,EST,2002,9.399999619,Europe,Northern Europe,10.5,1.1170213218707576
Finland,FIN,2002,9.0,Europe,Northern Europe,2.5,0.2777777777777778
France,FRA,2002,8.699999809,Europe,Western Europe,1.9,0.218390809392258
United Kingdom,GBR,2002,5.199999809,Europe,Northern Europe,2.0,0.38461539874260403
Georgia,GEO,2002,12.600000380000001,Asia,Western Asia,6.3,0.4999999849206353
Greece,GRC,2002,10.30000019,Europe,Southern Europe,0.9,0.08737863916486005
Guatemala,GTM,2002,3.0999999049999998,Americas,Central Americas,30.9,9.96774224094694
Guyana,GUY,2002,11.899999619999999,Americas,South America,18.9,1.588235344834406
Honduras,HND,2002,3.9000000950000002,Americas,Central Americas,55.8,14.307691959171605
Croatia,HRV,2002,15.100000380000001,Europe,Southern Europe,1.6,0.1059602622341126
Hungary,HUN,2002,5.800000191,Europe,Eastern Europe,2.0,0.34482757485136784
India,IND,2002,4.300000191,Asia,Southern Asia,4.2,0.9767441426608998
Ireland,IRL,2002,4.199999809,Europe,Northern Europe,1.3,0.3095238235997739
Iceland,ISL,2002,3.299999952,Europe,Northern Europe,1.4,0.42424243041322324
Israel,ISR,2002,10.30000019,Asia,Western Asia,3.6,0.3495145566594402
Italy,ITA,2002,9.199999809,Europe,Southern Europe,1.1,0.1195652198735823
Jamaica,JAM,2002,14.30000019,Americas,Caribbean,39.8,2.78321674623698
Kazakhstan,KAZ,2002,9.300000191,Asia,Central Asia,13.5,1.451612873413112
Luxembourg,LUX,2002,2.5999999049999998,Europe,Western Europe,1.4,0.5384615581360954
Latvia,LVA,2002,13.19999981,Europe,Northern Europe,9.2,0.6969697070018367
Morocco,MAR,2002,11.600000380000001,Africa,Northern Africa,1.6,0.13793102996432832
Mexico,MEX,2002,2.9000000950000002,Americas,Central Americas,9.5,3.2758619616527977
Malta,MLT,2002,6.900000095,Europe,Southern Europe,1.5,0.21739130135475743
Malawi,MWI,2002,7.699999809,Africa,Eastern Africa,4.8,0.6233766388396023
Namibia,NAM,2002,19.10000038,Africa,Southern Africa,17.7,0.9267015522436339
Nicaragua,NIC,2002,5.599999905,Americas,Central Americas,10.6,1.892857174968113
Netherlands,NLD,2002,2.5999999049999998,Europe,Western Europe,1.2,0.4615384784023675
Norway,NOR,2002,3.9000000950000002,Europe,Northern Europe,1.0,0.2564102501643657
Nepal,NPL,2002,2.700000048,Asia,Southern Asia,3.6,1.33333330962963
New Zealand,NZL,2002,5.300000191,Oceania,Australia and New Zealand,1.5,0.2830188577251695
Oman,OMN,2002,8.0,Asia,Western Asia,0.6,0.075
Pakistan,PAK,2002,7.800000191,Asia,Southern Asia,6.3,0.8076922879142017
Panama,PAN,2002,13.5,Americas,Central Americas,12.0,0.8888888888888888
Peru,PER,2002,5.699999809,Americas,South America,4.2,0.7368421299538328
Papua New Guinea,PNG,2002,2.799999952,Oceania,Melanesia,8.3,2.964285765102042
Poland,POL,2002,19.89999962,Europe,Eastern Europe,1.9,0.09547738875785969
Puerto Rico,PRI,2002,12.100000380000001,Americas,Caribbean,20.6,1.7024792853766837
Portugal,PRT,2002,5.0,Europe,Southern Europe,1.1,0.22000000000000003
Paraguay,PRY,2002,10.69999981,Americas,South America,24.6,2.2990654613852746
Romania,ROU,2002,8.100000381,Europe,Eastern Europe,2.5,0.30864196079103867
Singapore,SGP,2002,4.800000191,Asia,South-Eastern Asia,0.5,0.10416666252170156
El Salvador,SLV,2002,6.199999809,Americas,Central Americas,37.0,5.96774211932883
Serbia,SRB,2002,13.80000019,Europe,Southern Europe,2.0,0.14492753423650495
Slovenia,SVN,2002,6.300000191,Europe,Southern Europe,1.8,0.28571427705215446
Sweden,SWE,2002,5.300000191,Europe,Northern Europe,1.1,0.20754716233179096
Syrian Arab Republic,SYR,2002,11.69999981,Asia,Western Asia,2.2,0.18803419108773475
Thailand,THA,2002,1.799999952,Asia,South-Eastern Asia,7.1,3.944444549629632
Tajikistan,TJK,2002,12.399999619999999,Asia,Central Asia,2.8,0.22580645853277856
Trinidad and Tobago,TTO,2002,10.399999619999999,Americas,Caribbean,13.4,1.2884615855399426
Uruguay,URY,2002,8.600000381,Americas,South America,6.9,0.8023255458504615
South Africa,ZAF,2002,27.200000760000002,Africa,Southern Africa,46.7,1.7169117167333492
Argentina,ARG,2003,16.10000038,Americas,South America,7.6,0.47204967829944855
Australia,AUS,2003,5.900000095,Oceania,Australia and New Zealand,1.7,0.28813558858086763
Austria,AUT,2003,4.300000191,Europe,Western Europe,0.6,0.13953487752298568
Azerbaijan,AZE,2003,9.199999809,Asia,Western Asia,2.2,0.2391304397471646
Belgium,BEL,2003,8.199999809,Europe,Western Europe,2.2,0.26829268917608584
Bangladesh,BGD,2003,4.300000191,Asia,Southern Asia,2.5,0.5813953230124403
Bulgaria,BGR,2003,13.69999981,Europe,Eastern Europe,3.2,0.2335766455751506
Bahrain,BHR,2003,4.099999905,Asia,Western Asia,0.4,0.09756097787031535
Belarus,BLR,2003,6.5,Europe,Eastern Europe,9.0,1.3846153846153846
Belize,BLZ,2003,10.30000019,Americas,Central Americas,25.9,2.5145630604109726
Barbados,BRB,2003,11.0,Americas,Caribbean,12.2,1.1090909090909091
Bhutan,BTN,2003,1.799999952,Asia,Southern Asia,0.8,0.44444445629629664
Canada,CAN,2003,7.599999905,Americas,Northern America,1.7,0.22368421332236846
Switzerland,CHE,2003,4.099999905,Europe,Western Europe,1.0,0.24390244467578837
Chile,CHL,2003,8.5,Americas,South America,3.2,0.3764705882352941
China,CHN,2003,4.300000191,Asia,Eastern Asia,1.9,0.44186044548945463
Colombia,COL,2003,14.100000380000001,Americas,South America,53.8,3.8156027340475855
Costa Rica,CRI,2003,6.599999905,Americas,Central Americas,7.2,1.0909091066115706
Czech Republic,CZE,2003,7.800000191,Europe,Eastern Europe,1.6,0.2051282001051941
Germany,DEU,2003,9.300000191,Europe,Western Europe,1.0,0.10752687951208235
Denmark,DNK,2003,5.400000095,Europe,Northern Europe,1.2,0.22222221831275726
Dominican Republic,DOM,2003,16.700000760000002,Americas,Caribbean,21.0,1.2574849727132587
Algeria,DZA,2003,23.700000760000002,Africa,Northern Africa,2.0,0.08438818294788948
Ecuador,ECU,2003,9.300000191,Americas,South America,14.6,1.5698924408764023
Spain,ESP,2003,11.5,Europe,Southern Europe,1.4,0.1217391304347826
Estonia,EST,2003,10.69999981,Europe,Northern Europe,11.0,1.0280374014324398
Finland,FIN,2003,9.0,Europe,Northern Europe,2.0,0.2222222222222222
France,FRA,2003,8.600000381,Europe,Western Europe,1.6,0.18604650338561424
United Kingdom,GBR,2003,4.900000095,Europe,Northern Europe,1.7,0.34693876878384017
Georgia,GEO,2003,11.5,Asia,Western Asia,6.6,0.5739130434782609
Greece,GRC,2003,9.699999809,Europe,Southern Europe,1.1,0.1134020640886386
Guatemala,GTM,2003,2.799999952,Americas,Central Americas,35.1,12.535714500612249
Guyana,GUY,2003,12.30000019,Americas,South America,27.3,2.219512160836804
Honduras,HND,2003,5.199999809,Americas,Central Americas,61.4,11.807692741397943
Croatia,HRV,2003,13.899999619999999,Europe,Southern Europe,1.5,0.10791367201490615
Hungary,HUN,2003,5.900000095,Europe,Eastern Europe,2.2,0.37288134992818167
Indonesia,IDN,2003,9.5,Asia,South-Eastern Asia,0.7,0.07368421052631578
India,IND,2003,3.9000000950000002,Asia,Southern Asia,3.7,0.948717925608153
Ireland,IRL,2003,4.5,Europe,Northern Europe,1.1,0.24444444444444446
Iceland,ISL,2003,3.4000000950000002,Europe,Northern Europe,0.0,0.0
Israel,ISR,2003,10.69999981,Asia,Western Asia,3.1,0.2897196313127785
Italy,ITA,2003,8.899999619,Europe,Southern Europe,1.2,0.134831466446156
Jamaica,JAM,2003,11.69999981,Americas,Caribbean,36.8,3.1452991963766537
Japan,JPN,2003,5.199999809,Asia,Eastern Asia,0.6,0.11538461962278121
Kazakhstan,KAZ,2003,8.800000191,Asia,Central Asia,13.5,1.5340908757941638
Sri Lanka,LKA,2003,8.199999809,Asia,Southern Asia,6.7,0.8170731897635342
Luxembourg,LUX,2003,3.700000048,Europe,Western Europe,0.7,0.18918918673484297
Latvia,LVA,2003,10.600000380000001,Europe,Northern Europe,8.8,0.8301886494838031
Morocco,MAR,2003,11.899999619999999,Africa,Northern Africa,1.7,0.14285714741896774
Mexico,MEX,2003,3.0,Americas,Central Americas,9.3,3.1
Malta,MLT,2003,7.5,Europe,Southern Europe,0.0,0.0
Mongolia,MNG,2003,6.800000191,Asia,Eastern Asia,13.9,2.044117589643168
Malawi,MWI,2003,7.699999809,Africa,Eastern Africa,2.5,0.32467533272895954
Nicaragua,NIC,2003,8.0,Americas,Central Americas,11.9,1.4875
Netherlands,NLD,2003,3.5999999049999998,Europe,Western Europe,1.3,0.3611111206404324
Norway,NOR,2003,4.400000095,Europe,Northern Europe,1.1,0.24999999460227285
Nepal,NPL,2003,2.0,Asia,Southern Asia,3.1,1.55
New Zealand,NZL,2003,4.800000191,Oceania,Australia and New Zealand,1.1,0.22916665754774346
Pakistan,PAK,2003,7.699999809,Asia,Southern Asia,6.1,0.7922078118586612
Panama,PAN,2003,13.0,Americas,Central Americas,10.4,0.8
Peru,PER,2003,6.099999905,Americas,South America,4.9,0.8032787010346684
Papua New Guinea,PNG,2003,2.700000048,Oceania,Melanesia,10.5,3.8888888197530873
Poland,POL,2003,19.60000038,Europe,Eastern Europe,1.7,0.08673469219596004
Puerto Rico,PRI,2003,12.0,Americas,Caribbean,20.8,1.7333333333333334
Portugal,PRT,2003,6.300000191,Europe,Southern Europe,1.4,0.22222221548500903
Paraguay,PRY,2003,7.900000095,Americas,South America,22.6,2.860759459269348
Romania,ROU,2003,7.0,Europe,Eastern Europe,2.5,0.35714285714285715
Singapore,SGP,2003,5.199999809,Asia,South-Eastern Asia,0.6,0.11538461962278121
El Salvador,SLV,2003,6.900000095,Americas,Central Americas,36.4,5.27536224620878
Serbia,SRB,2003,15.19999981,Europe,Southern Europe,1.7,0.11184210666118423
Slovenia,SVN,2003,6.699999809,Europe,Southern Europe,1.1,0.16417910915794176
Sweden,SWE,2003,5.900000095,Europe,Northern Europe,1.0,0.16949152269462803
Syrian Arab Republic,SYR,2003,10.30000019,Asia,Western Asia,2.3,0.22330096675464234
Thailand,THA,2003,1.5,Asia,South-Eastern Asia,10.0,6.666666666666667
Tajikistan,TJK,2003,12.19999981,Asia,Central Asia,2.5,0.20491803597823172
Trinidad and Tobago,TTO,2003,10.5,Americas,Caribbean,17.8,1.6952380952380952
Turkey,TUR,2003,10.5,Asia,Western Asia,4.3,0.4095238095238095
Uganda,UGA,2003,3.200000048,Africa,Eastern Africa,8.0,2.4999999625000004
Ukraine,UKR,2003,9.100000381,Europe,Eastern Europe,7.6,0.8351648001980452
Uruguay,URY,2003,7.599999905,Americas,South America,5.9,0.7763157991776317
South Africa,ZAF,2003,27.10000038,Africa,Southern Africa,42.3,1.5608855869691318
Argentina,ARG,2004,12.600000380000001,Americas,South America,5.9,0.4682539541320236
Armenia,ARM,2004,33.59999847,Asia,Western Asia,2.7,0.08035714651626293
Australia,AUS,2004,5.400000095,Oceania,Australia and New Zealand,1.5,0.2777777728909466
Austria,AUT,2004,4.900000095,Europe,Western Europe,0.7,0.14285714008746359
Azerbaijan,AZE,2004,8.0,Asia,Western Asia,2.4,0.3
Belgium,BEL,2004,8.399999619,Europe,Western Europe,2.6,0.3095238235629258
Bangladesh,BGD,2004,4.5,Asia,Southern Asia,2.8,0.6222222222222222
Bulgaria,BGR,2004,12.0,Europe,Eastern Europe,3.2,0.26666666666666666
Bahrain,BHR,2004,4.599999905,Asia,Western Asia,0.9,0.1956521779536863
Belarus,BLR,2004,6.5,Europe,Eastern Europe,8.4,1.2923076923076924
Belize,BLZ,2004,10.5,Americas,Central Americas,29.8,2.8380952380952382
Barbados,BRB,2004,9.800000191,Americas,Caribbean,8.1,0.8265305961359852
Bhutan,BTN,2004,2.5,Asia,Southern Asia,2.4,0.96
Canada,CAN,2004,7.199999809,Americas,Northern America,1.7,0.23611111737461435
Switzerland,CHE,2004,4.300000191,Europe,Western Europe,1.1,0.25581394212547376
China,CHN,2004,4.300000191,Asia,Eastern Asia,1.9,0.44186044548945463
Colombia,COL,2004,14.30000019,Americas,South America,44.8,3.132867091241626
Costa Rica,CRI,2004,6.400000095,Americas,Central Americas,6.6,1.031249984692383
Cyprus,CYP,2004,4.300000191,Asia,Western Asia,1.6,0.37209300672796186
Czech Republic,CZE,2004,8.300000191,Europe,Eastern Europe,1.3,0.15662650241979975
Germany,DEU,2004,10.30000019,Europe,Western Europe,1.0,0.0970873768498445
Denmark,DNK,2004,5.5,Europe,Northern Europe,0.8,0.14545454545454548
Dominican Republic,DOM,2004,18.39999962,Americas,Caribbean,24.3,1.3206522011873825
Algeria,DZA,2004,20.10000038,Africa,Northern Africa,1.3,0.06467661569268089
Ecuador,ECU,2004,6.699999809,Americas,South America,17.7,2.641791120086881
Spain,ESP,2004,11.19999981,Europe,Southern Europe,1.2,0.10714285896045922
Estonia,EST,2004,10.0,Europe,Northern Europe,6.8,0.6799999999999999
Finland,FIN,2004,8.800000191,Europe,Northern Europe,2.8,0.31818181127582656
France,FRA,2004,9.199999809,Europe,Western Europe,1.6,0.17391304708884697
United Kingdom,GBR,2004,4.699999809,Europe,Northern Europe,1.6,0.34042554574920836
Georgia,GEO,2004,12.600000380000001,Asia,Western Asia,6.6,0.5238095080120941
Greece,GRC,2004,10.5,Europe,Southern Europe,1.0,0.09523809523809523
Guatemala,GTM,2004,3.0999999049999998,Americas,Central Americas,36.4,11.741935843704486
Guyana,GUY,2004,11.899999619999999,Americas,South America,17.3,1.453781559028319
Honduras,HND,2004,6.0,Americas,Central Americas,53.8,8.966666666666667
Croatia,HRV,2004,13.69999981,Europe,Southern Europe,1.9,0.13868613331024565
Hungary,HUN,2004,6.099999905,Europe,Eastern Europe,2.1,0.3442623004434293
Indonesia,IDN,2004,9.899999619,Asia,South-Eastern Asia,0.6,0.06060606293847575
India,IND,2004,3.9000000950000002,Asia,Southern Asia,3.8,0.9743589506245895
Ireland,IRL,2004,4.5,Europe,Northern Europe,0.7,0.15555555555555556
Iceland,ISL,2004,3.0999999049999998,Europe,Northern Europe,1.0,0.32258065504682654
Israel,ISR,2004,10.399999619999999,Asia,Western Asia,2.7,0.2596153941013317
Italy,ITA,2004,7.900000095,Europe,Southern Europe,1.2,0.15189873235058485
Jamaica,JAM,2004,11.399999619999999,Americas,Caribbean,55.2,4.842105424561409
Japan,JPN,2004,4.699999809,Asia,Eastern Asia,0.6,0.12765957965595312
Kazakhstan,KAZ,2004,8.399999619,Asia,Central Asia,14.0,1.6666667422619081
Kenya,KEN,2004,9.600000381,Africa,Eastern Africa,4.0,0.41666665013020904
Lebanon,LBN,2004,7.900000095,Asia,Western Asia,3.2,0.4050632862682263
Sri Lanka,LKA,2004,8.399999619,Asia,Southern Asia,7.0,0.8333333711309541
Lithuania,LTU,2004,11.30000019,Europe,Northern Europe,10.3,0.9115044094525807
Luxembourg,LUX,2004,5.099999905,Europe,Western Europe,0.4,0.0784313740099962
Latvia,LVA,2004,9.899999619,Europe,Northern Europe,8.0,0.8080808391796767
Morocco,MAR,2004,10.80000019,Africa,Northern Africa,1.6,0.1481481455418382
Mexico,MEX,2004,3.700000048,Americas,Central Americas,8.5,2.297297267494522
Malta,MLT,2004,7.300000191,Europe,Southern Europe,1.7,0.23287670623569168
Mongolia,MNG,2004,7.099999905,Asia,Eastern Asia,13.3,1.87323946168419
Malawi,MWI,2004,7.800000191,Africa,Eastern Africa,3.3,0.4230769127169628
Namibia,NAM,2004,21.89999962,Africa,Southern Africa,17.6,0.8036529819811934
Nicaragua,NIC,2004,6.699999809,Americas,Central Americas,12.0,1.7910448271775465
Netherlands,NLD,2004,4.599999905,Europe,Western Europe,1.2,0.26086957060491506
Norway,NOR,2004,4.400000095,Europe,Northern Europe,0.8,0.18181817789256208
Nepal,NPL,2004,2.0,Asia,Southern Asia,3.8,1.9
New Zealand,NZL,2004,4.0,Oceania,Australia and New Zealand,1.1,0.275
Pakistan,PAK,2004,7.400000095,Asia,Southern Asia,6.3,0.8513513404218408
Panama,PAN,2004,11.69999981,Americas,Central Americas,9.3,0.7948718077799696
Peru,PER,2004,5.199999809,Americas,South America,5.6,1.0769231164792912
Papua New Guinea,PNG,2004,2.799999952,Oceania,Melanesia,5.2,1.8571428889795925
Poland,POL,2004,19.0,Europe,Eastern Europe,1.7,0.08947368421052632
Puerto Rico,PRI,2004,10.5,Americas,Caribbean,21.1,2.0095238095238095
Portugal,PRT,2004,6.699999809,Europe,Southern Europe,1.4,0.2089552298373804
Paraguay,PRY,2004,7.400000095,Americas,South America,20.9,2.824324288066107
Romania,ROU,2004,7.699999809,Europe,Eastern Europe,2.3,0.2987013061106428
Singapore,SGP,2004,4.400000095,Asia,South-Eastern Asia,0.5,0.11363636118285128
Sierra Leone,SLE,2004,3.4000000950000002,Africa,Western Africa,2.3,0.6764705693339105
El Salvador,SLV,2004,6.800000191,Americas,Central Americas,45.8,6.735293928464539
Serbia,SRB,2004,18.5,Europe,Southern Europe,1.6,0.08648648648648649
Slovenia,SVN,2004,6.300000191,Europe,Southern Europe,1.4,0.22222221548500903
Sweden,SWE,2004,6.599999905,Europe,Northern Europe,1.2,0.18181818443526174
Syrian Arab Republic,SYR,2004,9.800000191,Asia,Western Asia,2.4,0.24489795441066228
Thailand,THA,2004,1.5,Asia,South-Eastern Asia,6.6,4.3999999999999995
Tajikistan,TJK,2004,12.100000380000001,Asia,Central Asia,2.1,0.17355371355781726
Timor-Leste,TLS,2004,7.900000095,Asia,South-Eastern Asia,2.4,0.3037974647011697
Trinidad and Tobago,TTO,2004,8.300000191,Americas,Caribbean,20.1,2.421686691259981
Turkey,TUR,2004,10.80000019,Asia,Western Asia,4.4,0.407407400240055
Uganda,UGA,2004,2.5,Africa,Eastern Africa,7.4,2.96
Ukraine,UKR,2004,8.600000381,Europe,Eastern Europe,7.3,0.8488371716968649
Uruguay,URY,2004,7.599999905,Americas,South America,5.8,0.7631579042763159
South Africa,ZAF,2004,24.700000760000002,Africa,Southern Africa,39.5,1.5991902341949562
Albania,ALB,2005,12.5,Europe,Southern Europe,4.8,0.384
Argentina,ARG,2005,10.600000380000001,Americas,South America,5.5,0.5188679059273769
Armenia,ARM,2005,27.799999239999998,Asia,Western Asia,1.9,0.06834532560944055
Australia,AUS,2005,5.0,Oceania,Australia and New Zealand,1.3,0.26
Austria,AUT,2005,5.199999809,Europe,Western Europe,0.7,0.1346153895599114
Azerbaijan,AZE,2005,7.300000191,Asia,Western Asia,2.2,0.3013698551285422
Belgium,BEL,2005,8.399999619,Europe,Western Europe,2.1,0.25000001133928623
Bangladesh,BGD,2005,4.300000191,Asia,Southern Asia,2.5,0.5813953230124403
Bulgaria,BGR,2005,10.100000380000001,Europe,Eastern Europe,2.6,0.25742573288893283
Bahrain,BHR,2005,4.400000095,Asia,Western Asia,0.5,0.11363636118285128
Belarus,BLR,2005,6.400000095,Europe,Eastern Europe,8.5,1.3281249802856447
Belize,BLZ,2005,11.0,Americas,Central Americas,29.8,2.709090909090909
Barbados,BRB,2005,9.100000381,Americas,Caribbean,10.6,1.1648351160656947
Bhutan,BTN,2005,3.0999999049999998,Asia,Southern Asia,1.7,0.5483871135796051
Canada,CAN,2005,6.699999809,Americas,Northern America,1.8,0.268656724076632
Switzerland,CHE,2005,4.400000095,Europe,Western Europe,1.0,0.22727272236570256
Chile,CHL,2005,8.0,Americas,South America,3.5,0.4375
China,CHN,2005,4.099999905,Asia,Eastern Asia,1.6,0.3902439114812614
Colombia,COL,2005,12.0,Americas,South America,39.6,3.3000000000000003
Costa Rica,CRI,2005,6.599999905,Americas,Central Americas,7.8,1.1818181988292014
Cyprus,CYP,2005,5.300000191,Asia,Western Asia,1.9,0.358490553118548
Czech Republic,CZE,2005,7.900000095,Europe,Eastern Europe,1.1,0.1392405046547028
Germany,DEU,2005,11.100000380000001,Europe,Western Europe,1.0,0.09009008700592494
Denmark,DNK,2005,4.800000191,Europe,Northern Europe,1.0,0.20833332504340313
Dominican Republic,DOM,2005,18.0,Americas,Caribbean,25.6,1.4222222222222223
Algeria,DZA,2005,15.30000019,Africa,Northern Africa,0.6,0.03921568578751763
Ecuador,ECU,2005,6.599999905,Americas,South America,15.4,2.3333333669191925
Spain,ESP,2005,9.300000191,Europe,Southern Europe,1.2,0.12903225541449884
Estonia,EST,2005,7.900000095,Europe,Northern Europe,8.5,1.075949354149976
Finland,FIN,2005,8.399999619,Europe,Northern Europe,2.2,0.26190477378401417
France,FRA,2005,8.899999619,Europe,Western Europe,1.6,0.1797752885948747
United Kingdom,GBR,2005,4.800000191,Europe,Northern Europe,1.5,0.31249998756510466
Georgia,GEO,2005,13.80000019,Asia,Western Asia,9.0,0.6521739040642723
Greece,GRC,2005,9.800000191,Europe,Southern Europe,1.2,0.12244897720533114
Guatemala,GTM,2005,2.4000000950000002,Americas,Central Americas,42.1,17.541665972309055
Guyana,GUY,2005,12.600000380000001,Americas,South America,18.7,1.4841269393676
Honduras,HND,2005,4.199999809,Americas,Central Americas,46.6,11.095238599807278
Croatia,HRV,2005,12.600000380000001,Europe,Southern Europe,1.5,0.11904761545729413
Hungary,HUN,2005,7.199999809,Europe,Eastern Europe,1.6,0.22222222811728412
India,IND,2005,4.400000095,Asia,Southern Asia,3.7,0.8409090727530996
Ireland,IRL,2005,4.300000191,Europe,Northern Europe,1.3,0.302325567966469
Iceland,ISL,2005,2.5999999049999998,Europe,Northern Europe,1.0,0.3846153986686396
Israel,ISR,2005,9.0,Asia,Western Asia,2.5,0.2777777777777778
Italy,ITA,2005,7.699999809,Europe,Southern Europe,1.0,0.12987013309158382
Jamaica,JAM,2005,10.899999619999999,Americas,Caribbean,62.4,5.724770841781003
Jordan,JOR,2005,14.899999619999999,Asia,Western Asia,1.3,0.08724832437277606
Japan,JPN,2005,4.400000095,Asia,Eastern Asia,0.5,0.11363636118285128
Kazakhstan,KAZ,2005,8.100000381,Asia,Central Asia,12.0,1.4814814117969857
Kenya,KEN,2005,9.5,Africa,Eastern Africa,3.5,0.3684210526315789
Lebanon,LBN,2005,8.199999809,Asia,Western Asia,3.9,0.4756097671757885
Sri Lanka,LKA,2005,7.699999809,Asia,Southern Asia,6.1,0.7922078118586612
Lithuania,LTU,2005,8.300000191,Europe,Northern Europe,11.3,1.3614457518028749
Luxembourg,LUX,2005,4.5,Europe,Western Europe,0.9,0.2
Latvia,LVA,2005,8.899999619,Europe,Northern Europe,5.7,0.6404494656192411
Morocco,MAR,2005,11.0,Africa,Northern Africa,1.6,0.14545454545454548
Mexico,MEX,2005,3.5,Americas,Central Americas,9.0,2.5714285714285716
Malta,MLT,2005,7.300000191,Europe,Southern Europe,1.0,0.13698629778570098
Mongolia,MNG,2005,6.900000095,Asia,Eastern Asia,15.8,2.2898550409367786
Malawi,MWI,2005,7.900000095,Africa,Eastern Africa,1.5,0.18987341543823108
Nicaragua,NIC,2005,5.599999905,Americas,Central Americas,13.4,2.392857183450256
Netherlands,NLD,2005,4.699999809,Europe,Western Europe,1.1,0.23404256270258075
Norway,NOR,2005,4.599999905,Europe,Northern Europe,0.7,0.15217391618620044
Nepal,NPL,2005,2.299999952,Asia,Southern Asia,3.6,1.5652174239697552
New Zealand,NZL,2005,3.799999952,Oceania,Australia and New Zealand,1.5,0.3947368470914128
Pakistan,PAK,2005,7.099999905,Asia,Southern Asia,6.1,0.8591549410731999
Panama,PAN,2005,9.800000191,Americas,Central Americas,10.8,1.1020407948479805
Peru,PER,2005,5.199999809,Americas,South America,11.0,2.115384693084322
Papua New Guinea,PNG,2005,2.700000048,Oceania,Melanesia,9.9,3.6666666014814826
Poland,POL,2005,17.700000760000002,Europe,Eastern Europe,1.5,0.08474575907306345
Puerto Rico,PRI,2005,11.5,Americas,Caribbean,20.5,1.7826086956521738
Portugal,PRT,2005,7.599999905,Europe,Southern Europe,1.3,0.1710526337171053
Paraguay,PRY,2005,5.800000191,Americas,South America,18.2,3.137930931147447
Romania,ROU,2005,7.199999809,Europe,Eastern Europe,2.1,0.2916666744039354
Singapore,SGP,2005,4.099999905,Asia,South-Eastern Asia,0.5,0.12195122233789418
Sierra Leone,SLE,2005,3.4000000950000002,Africa,Western Africa,1.9,0.5588235137975782
El Salvador,SLV,2005,7.199999809,Americas,Central Americas,62.2,8.638889118059419
Serbia,SRB,2005,20.799999239999998,Europe,Southern Europe,1.5,0.07211538725036992
Slovenia,SVN,2005,6.5,Europe,Southern Europe,1.0,0.15384615384615385
Sweden,SWE,2005,7.800000191,Europe,Northern Europe,0.9,0.11538461255917168
Syrian Arab Republic,SYR,2005,9.199999809,Asia,Western Asia,2.3,0.2500000051902175
Thailand,THA,2005,1.299999952,Asia,South-Eastern Asia,7.3,5.615384822721901
Tajikistan,TJK,2005,11.80000019,Asia,Central Asia,2.3,0.1949152510988222
Timor-Leste,TLS,2005,7.199999809,Asia,South-Eastern Asia,4.6,0.6388889058371917
Trinidad and Tobago,TTO,2005,8.0,Americas,Caribbean,29.8,3.725
Turkey,TUR,2005,10.600000380000001,Asia,Western Asia,4.9,0.4622641343716631
Uganda,UGA,2005,2.0,Africa,Eastern Africa,8.7,4.35
Ukraine,UKR,2005,7.199999809,Europe,Eastern Europe,6.4,0.8888889124691365
Uruguay,URY,2005,8.5,Americas,South America,5.7,0.6705882352941177
South Africa,ZAF,2005,23.799999239999998,Africa,Southern Africa,38.4,1.6134454296730474
Albania,ALB,2006,12.399999619999999,Europe,Southern Europe,3.0,0.2419354912851199
Argentina,ARG,2006,10.100000380000001,Americas,South America,5.3,0.524752455504363
Armenia,ARM,2006,28.60000038,Asia,Western Asia,2.6,0.0909090897012079
Australia,AUS,2006,4.800000191,Oceania,Australia and New Zealand,1.3,0.27083332255642406
Austria,AUT,2006,4.699999809,Europe,Western Europe,0.7,0.14893617626527864
Azerbaijan,AZE,2006,6.599999905,Asia,Western Asia,2.2,0.3333333381313132
Belgium,BEL,2006,8.199999809,Europe,Western Europe,2.1,0.2560975669408092
Bangladesh,BGD,2006,4.199999809,Asia,Southern Asia,2.9,0.69047622187641855
Bulgaria,BGR,2006,8.899999619,Europe,Eastern Europe,2.4,0.269662932892312
Bahrain,BHR,2006,4.099999905,Asia,Western Asia,0.7,0.17073171127305184
Belarus,BLR,2006,6.400000095,Europe,Eastern Europe,7.6,1.187499982373047
Belize,BLZ,2006,9.399999619,Americas,Central Americas,33.0,3.5106384401652386
Barbados,BRB,2006,8.699999809,Americas,Caribbean,12.7,1.4597701469903561
Bhutan,BTN,2006,3.0999999049999998,Asia,Southern Asia,1.4,0.4516129170655571
Canada,CAN,2006,6.300000191,Americas,Northern America,1.7,0.2698412616603681
Switzerland,CHE,2006,4.0,Europe,Western Europe,0.8,0.2
Chile,CHL,2006,7.699999809,Americas,South America,3.6,0.46753247912970175
China,CHN,2006,4.0,Asia,Eastern Asia,1.4,0.35
Colombia,COL,2006,11.69999981,Americas,South America,36.8,3.1452991963766537
Costa Rica,CRI,2006,5.900000095,Americas,Central Americas,8.0,1.3559321815570242
Cyprus,CYP,2006,4.5,Asia,Western Asia,1.4,0.3111111111111111
Czech Republic,CZE,2006,7.099999905,Europe,Eastern Europe,1.3,0.18309859399920655
Germany,DEU,2006,10.30000019,Europe,Western Europe,1.0,0.0970873768498445
Denmark,DNK,2006,3.9000000950000002,Europe,Northern Europe,0.5,0.12820512508218285
Dominican Republic,DOM,2006,16.39999962,Americas,Caribbean,22.6,1.3780488124182044
Algeria,DZA,2006,12.30000019,Africa,Northern Africa,0.9,0.07317073057703749
Ecuador,ECU,2006,6.300000191,Americas,South America,17.0,2.6984126166036813
Spain,ESP,2006,8.600000381,Europe,Southern Europe,1.1,0.1279069710776098
Estonia,EST,2006,5.900000095,Europe,Northern Europe,6.9,1.1694915065929334
Finland,FIN,2006,7.599999905,Europe,Northern Europe,2.3,0.3026315827302632
France,FRA,2006,8.800000191,Europe,Western Europe,1.4,0.15909090563791328
United Kingdom,GBR,2006,5.5,Europe,Northern Europe,1.4,0.2545454545454545
Georgia,GEO,2006,13.600000380000001,Asia,Western Asia,7.3,0.536764690884516
Greece,GRC,2006,8.899999619,Europe,Southern Europe,1.0,0.11235955537179669
Guatemala,GTM,2006,1.799999952,Americas,Central Americas,45.3,25.166667337777792
Guyana,GUY,2006,11.19999981,Americas,South America,20.0,1.7857143160076536
Honduras,HND,2006,3.0999999049999998,Americas,Central Americas,44.3,14.290323018574416
Croatia,HRV,2006,11.100000380000001,Europe,Southern Europe,1.6,0.1441441392094799
Hungary,HUN,2006,7.5,Europe,Eastern Europe,1.7,0.22666666666666666
India,IND,2006,4.300000191,Asia,Southern Asia,3.6,0.8372092651379142
Ireland,IRL,2006,4.400000095,Europe,Northern Europe,1.5,0.34090908354855387
Iceland,ISL,2006,3.0,Europe,Northern Europe,0.0,0.0
Israel,ISR,2006,8.399999619,Asia,Western Asia,2.7,0.3214285860076537
Italy,ITA,2006,6.800000191,Europe,Southern Europe,1.1,0.16176470133866797
Jamaica,JAM,2006,9.600000381,Americas,Caribbean,49.7,5.1770831278678475
Jordan,JOR,2006,14.0,Asia,Western Asia,1.8,0.1285714285714286
Japan,JPN,2006,4.099999905,Asia,Eastern Asia,0.5,0.12195122233789418
Kazakhstan,KAZ,2006,7.800000191,Asia,Central Asia,11.4,1.4615384257495079
Kenya,KEN,2006,9.5,Africa,Eastern Africa,3.5,0.3684210526315789
Lebanon,LBN,2006,8.399999619,Asia,Western Asia,2.1,0.25000001133928623
Sri Lanka,LKA,2006,6.5,Asia,Southern Asia,10.2,1.5692307692307692
Lithuania,LTU,2006,5.599999905,Europe,Northern Europe,8.9,1.5892857412468118
Luxembourg,LUX,2006,4.699999809,Europe,Western Europe,1.9,0.40425533557718485
Latvia,LVA,2006,6.800000191,Europe,Northern Europe,5.8,0.8529411525129764
Morocco,MAR,2006,9.699999809,Africa,Northern Africa,1.6,0.1649484568562016
Mexico,MEX,2006,3.200000048,Americas,Central Americas,9.3,2.906249956406251
Malta,MLT,2006,6.900000095,Europe,Southern Europe,0.0,0.0
Mongolia,MNG,2006,5.900000095,Asia,Eastern Asia,13.1,2.220338947299627
Malawi,MWI,2006,7.800000191,Africa,Eastern Africa,6.2,0.7948717754076271
Nicaragua,NIC,2006,5.300000191,Americas,Central Americas,13.1,2.471698024133147
Netherlands,NLD,2006,3.9000000950000002,Europe,Western Europe,0.8,0.20512820013149255
Norway,NOR,2006,3.4000000950000002,Europe,Northern Europe,0.7,0.20588234718858145
Nepal,NPL,2006,2.299999952,Asia,Southern Asia,2.5,1.086956544423441
New Zealand,NZL,2006,3.9000000950000002,Oceania,Australia and New Zealand,1.2,0.3076923001972388
Pakistan,PAK,2006,6.099999905,Asia,Southern Asia,6.2,1.0163934584520293
Panama,PAN,2006,8.699999809,Americas,Central Americas,10.8,1.2413793375980982
Peru,PER,2006,4.599999905,Americas,South America,11.2,2.434782658979207
Papua New Guinea,PNG,2006,2.700000048,Oceania,Melanesia,9.8,3.629629565102882
Poland,POL,2006,13.80000019,Europe,Eastern Europe,1.3,0.09420289725372823
Puerto Rico,PRI,2006,11.19999981,Americas,Caribbean,19.9,1.7767857444276152
Portugal,PRT,2006,7.699999809,Europe,Southern Europe,1.5,0.19480519963737572
Paraguay,PRY,2006,6.699999809,Americas,South America,15.5,2.3134329017709976
Romania,ROU,2006,7.300000191,Europe,Eastern Europe,2.0,0.27397259557140197
Singapore,SGP,2006,3.5999999049999998,Asia,South-Eastern Asia,0.4,0.11111111404320996
Sierra Leone,SLE,2006,3.4000000950000002,Africa,Western Africa,1.9,0.5588235137975782
El Salvador,SLV,2006,6.599999905,Americas,Central Americas,64.4,9.757575898025715
Serbia,SRB,2006,20.799999239999998,Europe,Southern Europe,1.6,0.07692307973372793
Slovenia,SVN,2006,6.0,Europe,Southern Europe,0.6,0.09999999999999999
Sweden,SWE,2006,7.099999905,Europe,Northern Europe,1.0,0.14084507230708196
Syrian Arab Republic,SYR,2006,8.199999809,Asia,Western Asia,2.4,0.29268293364663905
Thailand,THA,2006,1.200000048,Asia,South-Eastern Asia,7.1,5.916666430000009
Tajikistan,TJK,2006,11.80000019,Asia,Central Asia,2.8,0.2372881317724792
Timor-Leste,TLS,2006,6.5,Asia,South-Eastern Asia,4.8,0.7384615384615384
Trinidad and Tobago,TTO,2006,6.300000191,Americas,Caribbean,28.5,4.523809386659113
Turkey,TUR,2006,10.19999981,Asia,Western Asia,4.6,0.450980400557478
Uganda,UGA,2006,3.5999999049999998,Africa,Eastern Africa,9.1,2.5277778444830266
Ukraine,UKR,2006,6.800000191,Europe,Eastern Europe,6.3,0.926470562212371
Uruguay,URY,2006,10.600000380000001,Americas,South America,6.1,0.5754716774830907
South Africa,ZAF,2006,22.60000038,Africa,Southern Africa,39.3,1.738938023858564
Albania,ALB,2007,13.5,Europe,Southern Europe,3.3,0.24444444444444444
Argentina,ARG,2007,8.5,Americas,South America,5.3,0.6235294117647059
Armenia,ARM,2007,28.39999962,Asia,Western Asia,2.6,0.09154929699960328
Australia,AUS,2007,4.400000095,Oceania,Australia and New Zealand,1.2,0.2727272668388431
Austria,AUT,2007,4.400000095,Europe,Western Europe,0.5,0.11363636118285128
Azerbaijan,AZE,2007,6.300000191,Asia,Western Asia,2.0,0.3174603078357272
Belgium,BEL,2007,7.5,Europe,Western Europe,2.0,0.26666666666666666
Bangladesh,BGD,2007,4.300000191,Asia,Southern Asia,2.6,0.604651135932938
Bulgaria,BGR,2007,6.900000095,Europe,Eastern Europe,2.3,0.3333333287439614
Bahrain,BHR,2007,5.599999905,Asia,Western Asia,0.4,0.07142857264030615
Belarus,BLR,2007,6.300000191,Europe,Eastern Europe,6.8,1.0793650466414724
Belize,BLZ,2007,8.5,Americas,Central Americas,33.9,3.988235294117647
Brazil,BRA,2007,8.100000381,Americas,South America,23.5,2.9012344314357636
Barbados,BRB,2007,7.400000095,Americas,Caribbean,9.8,1.3243243073228637
Bhutan,BTN,2007,3.700000048,Asia,Southern Asia,1.2,0.3243243201168737
Canada,CAN,2007,6.0,Americas,Northern America,1.6,0.26666666666666666
Switzerland,CHE,2007,3.5999999049999998,Europe,Western Europe,0.7,0.1944444495756174
Chile,CHL,2007,7.099999905,Americas,South America,3.7,0.5211267675362032
China,CHN,2007,3.799999952,Asia,Eastern Asia,1.2,0.31578947767313026
Colombia,COL,2007,11.19999981,Americas,South America,34.7,3.098214338273279
Costa Rica,CRI,2007,4.599999905,Americas,Central Americas,8.3,1.8043478633506627
Cyprus,CYP,2007,3.9000000950000002,Asia,Western Asia,1.2,0.3076923001972388
Czech Republic,CZE,2007,5.300000191,Europe,Eastern Europe,1.2,0.2264150861801356
Germany,DEU,2007,8.600000381,Europe,Western Europe,0.9,0.10465115815440801
Denmark,DNK,2007,3.799999952,Europe,Northern Europe,0.7,0.1842105286426593
Dominican Republic,DOM,2007,15.69999981,Americas,Caribbean,22.0,1.4012739023084104
Algeria,DZA,2007,13.80000019,Africa,Northern Africa,0.8,0.05797101369460199
Ecuador,ECU,2007,5.0,Americas,South America,15.9,3.18
Spain,ESP,2007,8.399999619,Europe,Southern Europe,1.1,0.13095238689200708
Estonia,EST,2007,4.699999809,Europe,Northern Europe,7.1,1.5106383592621118
Finland,FIN,2007,6.800000191,Europe,Northern Europe,2.5,0.3676470484969726
France,FRA,2007,8.0,Europe,Western Europe,1.3,0.1625
United Kingdom,GBR,2007,5.400000095,Europe,Northern Europe,1.4,0.2592592546982168
Georgia,GEO,2007,13.30000019,Asia,Western Asia,7.5,0.5639097663802364
Greece,GRC,2007,8.300000191,Europe,Southern Europe,1.2,0.144578309925969
Guatemala,GTM,2007,2.5,Americas,Central Americas,43.4,17.36
Guyana,GUY,2007,10.80000019,Americas,South America,14.9,1.379629605358368
Honduras,HND,2007,2.9000000950000002,Americas,Central Americas,50.0,17.24137874554104
Croatia,HRV,2007,9.600000381,Europe,Southern Europe,1.4,0.14583332754557315
Haiti,HTI,2007,7.199999809,Americas,Caribbean,5.1,0.708333352123843
Hungary,HUN,2007,7.400000095,Europe,Eastern Europe,1.5,0.2027027001004383
India,IND,2007,3.700000048,Asia,Southern Asia,3.6,0.9729729603506211
Ireland,IRL,2007,4.599999905,Europe,Northern Europe,1.8,0.3913043559073726
Iceland,ISL,2007,2.299999952,Europe,Northern Europe,0.7,0.30434783243856345
Israel,ISR,2007,7.300000191,Asia,Western Asia,1.8,0.24657533601426176
Italy,ITA,2007,6.099999905,Europe,Southern Europe,1.1,0.18032787166084394
Jamaica,JAM,2007,9.399999619,Americas,Caribbean,58.5,6.22340450756565
Jordan,JOR,2007,13.100000380000001,Asia,Western Asia,1.7,0.1297709886020629
Japan,JPN,2007,3.9000000950000002,Asia,Eastern Asia,0.5,0.12820512508218285
Kazakhstan,KAZ,2007,7.300000191,Asia,Central Asia,10.8,1.4794520160855706
Kenya,KEN,2007,9.399999619,Africa,Eastern Africa,3.4,0.3617021423200549
Lebanon,LBN,2007,9.0,Asia,Western Asia,2.6,0.2888888888888889
Liberia,LBR,2007,5.599999905,Africa,Western Africa,2.8,0.500000008482143
Sri Lanka,LKA,2007,6.0,Asia,Southern Asia,8.2,1.3666666666666665
Lesotho,LSO,2007,26.39999962,Africa,Southern Africa,45.8,1.734848509819789
Lithuania,LTU,2007,4.300000191,Europe,Northern Europe,8.7,2.0232557240832922
Luxembourg,LUX,2007,4.099999905,Europe,Western Europe,1.5,0.36585366701368255
Latvia,LVA,2007,6.0,Europe,Northern Europe,4.3,0.7166666666666667
Morocco,MAR,2007,9.800000191,Africa,Northern Africa,1.7,0.17346938437421913
Mexico,MEX,2007,3.4000000950000002,Americas,Central Americas,7.8,2.2941175829584792
Malta,MLT,2007,6.5,Europe,Southern Europe,1.0,0.15384615384615385
Montenegro,MNE,2007,19.39999962,Europe,Southern Europe,1.9,0.09793814624827296
Mongolia,MNG,2007,7.199999809,Asia,Eastern Asia,11.3,1.569444486078319
Malawi,MWI,2007,7.5,Africa,Eastern Africa,5.0,0.6666666666666666
Nicaragua,NIC,2007,5.0,Americas,Central Americas,12.8,2.56
Netherlands,NLD,2007,3.200000048,Europe,Western Europe,0.9,0.28124999578125004
Norway,NOR,2007,2.5,Europe,Northern Europe,0.6,0.24
Nepal,NPL,2007,2.299999952,Asia,Southern Asia,3.4,1.4782609004158798
New Zealand,NZL,2007,3.700000048,Oceania,Australia and New Zealand,1.1,0.29729729344046757
Oman,OMN,2007,7.800000191,Asia,Western Asia,0.7,0.08974358754602241
Pakistan,PAK,2007,5.099999905,Asia,Southern Asia,6.4,1.2549019841599391
Panama,PAN,2007,6.400000095,Americas,Central Americas,12.7,1.9843749705444338
Peru,PER,2007,4.5,Americas,South America,10.4,2.3111111111111113
Papua New Guinea,PNG,2007,2.5,Oceania,Melanesia,8.1,3.2399999999999998
Poland,POL,2007,9.600000381,Europe,Eastern Europe,1.4,0.14583332754557315
Puerto Rico,PRI,2007,11.100000380000001,Americas,Caribbean,19.6,1.765765705316129
Portugal,PRT,2007,8.0,Europe,Southern Europe,1.8,0.225
Paraguay,PRY,2007,5.599999905,Americas,South America,12.8,2.285714324489797
Romania,ROU,2007,6.400000095,Europe,Eastern Europe,1.9,0.29687499559326175
Singapore,SGP,2007,3.0,Asia,South-Eastern Asia,0.4,0.13333333333333333
Sierra Leone,SLE,2007,3.4000000950000002,Africa,Western Africa,2.5,0.7352940971020766
El Salvador,SLV,2007,6.300000191,Americas,Central Americas,57.1,9.063491788710012
Serbia,SRB,2007,18.10000038,Europe,Southern Europe,1.7,0.0939226499618449
Slovenia,SVN,2007,4.800000191,Europe,Southern Europe,1.2,0.24999999005208373
Sweden,SWE,2007,6.199999809,Europe,Northern Europe,1.2,0.19354839305931337
Syrian Arab Republic,SYR,2007,8.399999619,Asia,Western Asia,2.8,0.3333333484523816
Thailand,THA,2007,1.200000048,Asia,South-Eastern Asia,6.7,5.58333311000001
Tajikistan,TJK,2007,11.69999981,Asia,Central Asia,1.9,0.16239316503031637
Timor-Leste,TLS,2007,6.699999809,Asia,South-Eastern Asia,6.0,0.8955224135887733
Trinidad and Tobago,TTO,2007,5.5,Americas,Caribbean,29.8,5.418181818181818
Turkey,TUR,2007,10.30000019,Asia,Western Asia,3.7,0.3592232943444247
Uganda,UGA,2007,3.0,Africa,Eastern Africa,8.6,2.8666666666666667
Ukraine,UKR,2007,6.400000095,Europe,Eastern Europe,5.7,0.8906249867797853
Uruguay,URY,2007,9.199999809,Americas,South America,5.8,0.6304347956970703
South Africa,ZAF,2007,22.299999239999998,Africa,Southern Africa,37.3,1.6726457969152828
Albania,ALB,2008,13.0,Europe,Southern Europe,2.9,0.22307692307692306
Argentina,ARG,2008,7.800000191,Americas,South America,5.8,0.7435897253813285
Armenia,ARM,2008,16.39999962,Asia,Western Asia,2.8,0.17073171127305184
Australia,AUS,2008,4.199999809,Oceania,Australia and New Zealand,1.2,0.28571429870748355
Austria,AUT,2008,3.799999952,Europe,Western Europe,0.5,0.13157894903047093
Azerbaijan,AZE,2008,5.900000095,Asia,Western Asia,1.9,0.32203389311979325
Belgium,BEL,2008,7.0,Europe,Western Europe,1.9,0.2714285714285714
Bangladesh,BGD,2008,4.400000095,Asia,Southern Asia,2.8,0.6363636226239672
Bulgaria,BGR,2008,5.599999905,Europe,Eastern Europe,2.3,0.4107142926817603
Bahrain,BHR,2008,3.700000048,Asia,Western Asia,0.5,0.1351351333820307
Belarus,BLR,2008,6.199999809,Europe,Eastern Europe,5.7,0.9193548670317386
Belize,BLZ,2008,8.199999809,Americas,Central Americas,35.1,4.280487904582097
Brazil,BRA,2008,7.099999905,Americas,South America,23.9,3.3661972281392587
Barbados,BRB,2008,8.100000381,Americas,Caribbean,9.0,1.111111058847739
Bhutan,BTN,2008,3.799999952,Asia,Southern Asia,1.0,0.26315789806094186
Canada,CAN,2008,6.099999905,Americas,Northern America,1.7,0.27868852893039514
Switzerland,CHE,2008,3.4000000950000002,Europe,Western Europe,0.7,0.20588234718858145
Chile,CHL,2008,7.800000191,Americas,South America,3.5,0.44871793773011204
China,CHN,2008,4.400000095,Asia,Eastern Asia,1.1,0.24999999460227285
Colombia,COL,2008,11.100000380000001,Americas,South America,33.0,2.9729728711955232
Cabo Verde,CPV,2008,9.399999619,Africa,Western Africa,6.4,0.6808510914259857
Costa Rica,CRI,2008,4.900000095,Americas,Central Americas,11.3,2.3061224042690553
Cyprus,CYP,2008,3.5999999049999998,Asia,Western Asia,0.8,0.22222222808641992
Czech Republic,CZE,2008,4.400000095,Europe,Eastern Europe,1.1,0.24999999460227285
Germany,DEU,2008,7.5,Europe,Western Europe,0.9,0.12000000000000001
Denmark,DNK,2008,3.4000000950000002,Europe,Northern Europe,1.0,0.29411763884083064
Dominican Republic,DOM,2008,14.19999981,Americas,Caribbean,24.6,1.732394389377108
Algeria,DZA,2008,11.30000019,Africa,Northern Africa,0.9,0.07964601635993424
Ecuador,ECU,2008,6.0,Americas,South America,18.0,3.0
Spain,ESP,2008,11.5,Europe,Southern Europe,0.9,0.0782608695652174
Estonia,EST,2008,5.5,Europe,Northern Europe,6.4,1.1636363636363638
Finland,FIN,2008,6.300000191,Europe,Northern Europe,2.5,0.396825384794659
France,FRA,2008,7.400000095,Europe,Western Europe,1.3,0.17567567342037987
United Kingdom,GBR,2008,5.400000095,Europe,Northern Europe,1.2,0.22222221831275726
Georgia,GEO,2008,16.5,Asia,Western Asia,6.0,0.36363636363636365
Greece,GRC,2008,7.699999809,Europe,Southern Europe,1.3,0.16883117301905898
Guatemala,GTM,2008,2.799999952,Americas,Central Americas,46.1,16.46428599653062
Guyana,GUY,2008,11.80000019,Americas,South America,20.4,1.7288135314852056
Honduras,HND,2008,3.0999999049999998,Americas,Central Americas,60.8,19.612903826847052
Croatia,HRV,2008,8.399999619,Europe,Southern Europe,1.5,0.1785714366709187
Haiti,HTI,2008,7.400000095,Americas,Caribbean,5.2,0.7027026936815195
Hungary,HUN,2008,7.800000191,Europe,Eastern Europe,1.5,0.19230768759861946
Indonesia,IDN,2008,8.399999619,Asia,South-Eastern Asia,0.6,0.07142857466836748
India,IND,2008,4.099999905,Asia,Southern Asia,3.6,0.8780488008328381
Ireland,IRL,2008,6.0,Europe,Northern Europe,1.1,0.18333333333333335
Iceland,ISL,2008,3.0,Europe,Northern Europe,0.0,0.0
Israel,ISR,2008,6.099999905,Asia,Western Asia,1.9,0.3114754146869122
Italy,ITA,2008,6.699999809,Europe,Southern Europe,1.0,0.14925373559812888
Jamaica,JAM,2008,10.600000380000001,Americas,Caribbean,59.5,5.613207345941623
Jordan,JOR,2008,12.69999981,Asia,Western Asia,1.7,0.13385826971913947
Japan,JPN,2008,4.0,Asia,Eastern Asia,0.5,0.125
Kazakhstan,KAZ,2008,6.599999905,Asia,Central Asia,10.5,1.5909091138085403
Kenya,KEN,2008,9.399999619,Africa,Eastern Africa,3.6,0.3829787389271169
Lebanon,LBN,2008,7.199999809,Asia,Western Asia,6.0,0.8333333554398153
Liberia,LBR,2008,5.099999905,Africa,Western Africa,4.8,0.9411764881199542
Sri Lanka,LKA,2008,5.199999809,Asia,Southern Asia,7.3,1.4038462054105048
Lesotho,LSO,2008,25.299999239999998,Africa,Southern Africa,38.1,1.5059288989923307
Lithuania,LTU,2008,5.800000191,Europe,Northern Europe,9.5,1.6379309805439972
Luxembourg,LUX,2008,5.099999905,Europe,Western Europe,1.6,0.3137254960399848
Latvia,LVA,2008,7.400000095,Europe,Northern Europe,4.6,0.621621613641344
Morocco,MAR,2008,9.600000381,Africa,Northern Africa,1.4,0.14583332754557315
Mexico,MEX,2008,3.5,Americas,Central Americas,12.2,3.4857142857142853
Malta,MLT,2008,6.0,Europe,Southern Europe,1.4,0.2333333333333333
Montenegro,MNE,2008,16.799999239999998,Europe,Southern Europe,3.9,0.23214286764455833
Mongolia,MNG,2008,5.599999905,Asia,Eastern Asia,8.1,1.4464285959661993
Malawi,MWI,2008,7.5,Africa,Eastern Africa,5.5,0.7333333333333333
Namibia,NAM,2008,37.59999847,Africa,Southern Africa,16.8,0.44680852881960237
Nicaragua,NIC,2008,6.199999809,Americas,Central Americas,13.0,2.096774258142562
Netherlands,NLD,2008,2.799999952,Europe,Western Europe,0.9,0.32142857693877563
Norway,NOR,2008,2.5999999049999998,Europe,Northern Europe,0.7,0.2692307790680477
Nepal,NPL,2008,2.700000048,Asia,Southern Asia,3.4,1.2592592368724282
New Zealand,NZL,2008,4.199999809,Oceania,Australia and New Zealand,1.2,0.28571429870748355
Oman,OMN,2008,7.699999809,Asia,Western Asia,0.7,0.09090909316410867
Pakistan,PAK,2008,5.0,Asia,Southern Asia,7.2,1.44
Panama,PAN,2008,5.599999905,Americas,Central Americas,18.4,3.2857143414540824
Peru,PER,2008,4.5,Americas,South America,11.6,2.5777777777777775
Papua New Guinea,PNG,2008,2.5,Oceania,Melanesia,9.2,3.6799999999999997
Poland,POL,2008,7.099999905,Europe,Eastern Europe,1.2,0.16901408676849836
Puerto Rico,PRI,2008,11.80000019,Americas,Caribbean,21.6,1.8305084451019826
Portugal,PRT,2008,7.599999905,Europe,Southern Europe,1.2,0.1578947388157895
Paraguay,PRY,2008,5.599999905,Americas,South America,13.4,2.392857183450256
Romania,ROU,2008,5.800000191,Europe,Eastern Europe,2.1,0.3620689535939362
Russian Federation,RUS,2008,6.199999809,Europe,Eastern Europe,11.6,1.8709677995733627
Singapore,SGP,2008,3.200000048,Asia,South-Eastern Asia,0.6,0.18749999718750002
Sierra Leone,SLE,2008,3.4000000950000002,Africa,Western Africa,3.3,0.9705882081747411
El Salvador,SLV,2008,5.900000095,Americas,Central Americas,51.7,8.762711723312268
Serbia,SRB,2008,13.600000380000001,Europe,Southern Europe,1.4,0.10294117359429072
Slovenia,SVN,2008,4.400000095,Europe,Southern Europe,0.5,0.11363636118285128
Sweden,SWE,2008,6.300000191,Europe,Northern Europe,0.8,0.1269841231342909
Syrian Arab Republic,SYR,2008,10.899999619999999,Asia,Western Asia,2.7,0.2477064306539857
Thailand,THA,2008,1.200000048,Asia,South-Eastern Asia,6.0,4.999999800000008
Tajikistan,TJK,2008,11.30000019,Asia,Central Asia,1.4,0.12389380322656436
Timor-Leste,TLS,2008,5.900000095,Asia,South-Eastern Asia,3.3,0.5593220248922725
Trinidad and Tobago,TTO,2008,4.599999905,Americas,Caribbean,41.6,9.043478447637055
Turkey,TUR,2008,11.0,Asia,Western Asia,3.3,0.3
Uganda,UGA,2008,3.5999999049999998,Africa,Eastern Africa,8.8,2.4444445089506193
Ukraine,UKR,2008,6.400000095,Europe,Eastern Europe,5.2,0.8124999879394533
Uruguay,URY,2008,7.599999905,Americas,South America,6.6,0.8684210634868422
South Africa,ZAF,2008,22.700000760000002,Africa,Southern Africa,36.1,1.59030831680025
Afghanistan,AFG,2009,8.100000381,Asia,Southern Asia,4.0,0.49382713726566185
Albania,ALB,2009,13.80000019,Europe,Southern Europe,2.7,0.19565217121928172
Argentina,ARG,2009,8.600000381,Americas,South America,5.5,0.6395348553880489
Armenia,ARM,2009,18.700000760000002,Asia,Western Asia,2.8,0.1497326142354659
Australia,AUS,2009,5.599999905,Oceania,Australia and New Zealand,1.2,0.21428571792091844
Austria,AUT,2009,4.800000191,Europe,Western Europe,0.5,0.10416666252170156
Azerbaijan,AZE,2009,5.699999809,Asia,Western Asia,1.8,0.31578948426592834
Belgium,BEL,2009,7.900000095,Europe,Western Europe,1.7,0.21518987082999522
Bangladesh,BGD,2009,5.0,Asia,Southern Asia,2.8,0.5599999999999999
Bulgaria,BGR,2009,6.800000191,Europe,Eastern Europe,2.0,0.29411763879757813
Bahrain,BHR,2009,4.0,Asia,Western Asia,1.1,0.275
Bosnia and Herzegovina,BIH,2009,24.10000038,Europe,Southern Europe,1.8,0.07468879550283226
Belarus,BLR,2009,6.099999905,Europe,Eastern Europe,5.0,0.8196721439129269
Belize,BLZ,2009,11.19999981,Americas,Central Americas,32.2,2.8750000487723226
Brazil,BRA,2009,8.300000191,Americas,South America,23.0,2.7710842735810726
Barbados,BRB,2009,10.0,Americas,Caribbean,6.8,0.6799999999999999
Bhutan,BTN,2009,4.0,Asia,Southern Asia,1.1,0.275
Canada,CAN,2009,8.300000191,Americas,Northern America,1.6,0.19277107990129203
Switzerland,CHE,2009,4.099999905,Europe,Western Europe,0.7,0.17073171127305184
Chile,CHL,2009,9.699999809,Americas,South America,3.7,0.38144330647996616
China,CHN,2009,4.400000095,Asia,Eastern Asia,1.1,0.24999999460227285
Colombia,COL,2009,11.80000019,Americas,South America,33.7,2.8559321574044825
Cabo Verde,CPV,2009,9.399999619,Africa,Western Africa,6.2,0.6595744948189236
Costa Rica,CRI,2009,7.800000191,Americas,Central Americas,11.4,1.4615384257495079
Cyprus,CYP,2009,5.400000095,Asia,Western Asia,1.7,0.3148148092764061
Czech Republic,CZE,2009,6.699999809,Europe,Eastern Europe,0.9,0.134328362038316
Germany,DEU,2009,7.699999809,Europe,Western Europe,0.8,0.10389610647326705
Denmark,DNK,2009,6.0,Europe,Northern Europe,0.9,0.15
Dominican Republic,DOM,2009,14.899999619999999,Americas,Caribbean,24.0,1.610738296112789
Algeria,DZA,2009,10.19999981,Africa,Northern Africa,0.8,0.0784313740099962
Ecuador,ECU,2009,6.5,Americas,South America,17.8,2.7384615384615385
Spain,ESP,2009,18.10000038,Europe,Southern Europe,0.9,0.04972375586215319
Estonia,EST,2009,13.80000019,Europe,Northern Europe,5.4,0.39130434243856344
Finland,FIN,2009,8.199999809,Europe,Northern Europe,2.2,0.26829268917608584
France,FRA,2009,9.100000381,Europe,Western Europe,1.1,0.12087911581813814
United Kingdom,GBR,2009,7.800000191,Europe,Northern Europe,1.2,0.15384615007889554
Georgia,GEO,2009,16.89999962,Asia,Western Asia,4.8,0.2840236750253844
Greece,GRC,2009,9.5,Europe,Southern Europe,1.3,0.1368421052631579
Guatemala,GTM,2009,3.200000048,Americas,Central Americas,46.5,14.531249782031253
Guyana,GUY,2009,11.5,Americas,South America,15.0,1.3043478260869565
Honduras,HND,2009,3.299999952,Americas,Central Americas,70.7,21.424242735867775
Croatia,HRV,2009,9.100000381,Europe,Southern Europe,1.1,0.12087911581813814
Haiti,HTI,2009,7.099999905,Americas,Caribbean,6.1,0.8591549410731999
Hungary,HUN,2009,10.0,Europe,Eastern Europe,1.4,0.13999999999999999
Indonesia,IDN,2009,7.900000095,Asia,South-Eastern Asia,0.6,0.07594936617529242
India,IND,2009,3.9000000950000002,Asia,Southern Asia,3.5,0.8974358755752799
Ireland,IRL,2009,12.0,Europe,Northern Europe,1.3,0.10833333333333334
Iceland,ISL,2009,7.199999809,Europe,Northern Europe,0.3,0.04166666777199077
Israel,ISR,2009,7.5,Asia,Western Asia,1.8,0.24000000000000002
Italy,ITA,2009,7.800000191,Europe,Southern Europe,1.0,0.1282051250657463
Jamaica,JAM,2009,11.399999619999999,Americas,Caribbean,61.6,5.40350895204679
Jordan,JOR,2009,12.899999619999999,Asia,Western Asia,1.5,0.1162790731927169
Japan,JPN,2009,5.0,Asia,Eastern Asia,0.4,0.08
Kazakhstan,KAZ,2009,6.599999905,Asia,Central Asia,10.2,1.545454567699725
Kenya,KEN,2009,9.399999619,Africa,Eastern Africa,5.6,0.5957447049977375
Lebanon,LBN,2009,6.199999809,Asia,Western Asia,1.9,0.3064516223439129
Liberia,LBR,2009,4.599999905,Africa,Western Africa,3.8,0.8260869735822309
Sri Lanka,LKA,2009,5.900000095,Asia,Southern Asia,4.7,0.7966101566647518
Lesotho,LSO,2009,28.5,Africa,Southern Africa,36.3,1.2736842105263158
Lithuania,LTU,2009,13.69999981,Europe,Northern Europe,8.1,0.5912408841120999
Luxembourg,LUX,2009,5.099999905,Europe,Western Europe,1.0,0.19607843502499048
Latvia,LVA,2009,17.10000038,Europe,Northern Europe,5.1,0.2982456074074075
Morocco,MAR,2009,9.100000381,Africa,Northern Africa,1.4,0.15384614740490307
Mexico,MEX,2009,5.199999809,Americas,Central Americas,17.0,3.2692308893121345
Malta,MLT,2009,6.900000095,Europe,Southern Europe,0.9,0.13043478081285448
Montenegro,MNE,2009,19.10000038,Europe,Southern Europe,3.4,0.17801046766261897
Mongolia,MNG,2009,5.900000095,Asia,Eastern Asia,8.2,1.3898304860959496
Mauritius,MUS,2009,7.300000191,Africa,Eastern Africa,3.1,0.42465752313567307
Malawi,MWI,2009,7.5,Africa,Eastern Africa,2.2,0.29333333333333333
Namibia,NAM,2009,29.700000760000002,Africa,Southern Africa,18.1,0.6094275938328293
Nicaragua,NIC,2009,7.0,Americas,Central Americas,14.0,2.0
Netherlands,NLD,2009,3.4000000950000002,Europe,Western Europe,0.9,0.2647058749567476
Norway,NOR,2009,3.200000048,Europe,Northern Europe,0.6,0.18749999718750002
Nepal,NPL,2009,2.700000048,Asia,Southern Asia,3.0,1.1111110913580249
New Zealand,NZL,2009,6.099999905,Oceania,Australia and New Zealand,1.5,0.24590164317387805
Pakistan,PAK,2009,5.199999809,Asia,Southern Asia,7.3,1.4038462054105048
Panama,PAN,2009,6.599999905,Americas,Central Americas,22.6,3.424242473530763
Peru,PER,2009,4.400000095,Americas,South America,10.3,2.3409090403667365
Papua New Guinea,PNG,2009,2.5,Oceania,Melanesia,10.4,4.16
Poland,POL,2009,8.199999809,Europe,Eastern Europe,1.3,0.1585365890585962
Puerto Rico,PRI,2009,15.100000380000001,Americas,Caribbean,24.0,1.589403933511689
Portugal,PRT,2009,9.5,Europe,Southern Europe,1.2,0.12631578947368421
Paraguay,PRY,2009,6.5,Americas,South America,12.9,1.9846153846153847
Romania,ROU,2009,6.900000095,Europe,Eastern Europe,1.8,0.26086956162570896
Russian Federation,RUS,2009,8.300000191,Europe,Eastern Europe,11.1,1.3373493668152132
Singapore,SGP,2009,4.300000191,Asia,South-Eastern Asia,0.4,0.09302325168199047
Sierra Leone,SLE,2009,3.4000000950000002,Africa,Western Africa,2.8,0.8235293887543258
El Salvador,SLV,2009,7.300000191,Americas,Central Americas,70.9,9.7123285130062
Serbia,SRB,2009,16.60000038,Europe,Southern Europe,1.5,0.09036144371461755
Slovenia,SVN,2009,5.900000095,Europe,Southern Europe,0.6,0.10169491361677681
Sweden,SWE,2009,8.399999619,Europe,Northern Europe,0.9,0.10714286200255123
Syrian Arab Republic,SYR,2009,8.100000381,Asia,Western Asia,2.4,0.2962962823593971
Thailand,THA,2009,1.5,Asia,South-Eastern Asia,5.6,3.733333333333333
Tajikistan,TJK,2009,11.5,Asia,Central Asia,1.3,0.11304347826086956
Timor-Leste,TLS,2009,5.199999809,Asia,South-Eastern Asia,3.0,0.5769230981139061
Trinidad and Tobago,TTO,2009,5.300000191,Americas,Caribbean,38.3,7.226414833915993
Turkey,TUR,2009,14.0,Asia,Western Asia,3.3,0.2357142857142857
Uganda,UGA,2009,4.199999809,Africa,Eastern Africa,9.8,2.3333334394444494
Ukraine,UKR,2009,8.800000191,Europe,Eastern Europe,4.7,0.534090897498709
Uruguay,URY,2009,7.300000191,Americas,South America,6.7,0.9178081951641966
South Africa,ZAF,2009,23.700000760000002,Africa,Southern Africa,33.1,1.396624427787571
Afghanistan,AFG,2010,8.699999809,Asia,Southern Asia,3.5,0.40229885940679105
Albania,ALB,2010,14.19999981,Europe,Southern Europe,4.0,0.2816901446141639
Argentina,ARG,2010,7.699999809,Americas,South America,5.5,0.7142857320037109
Armenia,ARM,2010,19.0,Asia,Western Asia,1.5,0.07894736842105263
Australia,AUS,2010,5.199999809,Oceania,Australia and New Zealand,1.0,0.19230769937130202
Austria,AUT,2010,4.400000095,Europe,Western Europe,0.6,0.13636363341942154
Azerbaijan,AZE,2010,5.599999905,Asia,Western Asia,2.1,0.3750000063616073
Belgium,BEL,2010,8.300000191,Europe,Western Europe,1.7,0.20481927239512274
Bangladesh,BGD,2010,4.5,Asia,Southern Asia,2.6,0.5777777777777778
Bulgaria,BGR,2010,10.19999981,Europe,Eastern Europe,2.0,0.19607843502499048
Bahrain,BHR,2010,3.5999999049999998,Asia,Western Asia,0.9,0.25000000659722244
Bosnia and Herzegovina,BIH,2010,27.200000760000002,Europe,Southern Europe,1.5,0.055147057282655745
Belarus,BLR,2010,6.199999809,Europe,Eastern Europe,5.1,0.8225806705020818
Belize,BLZ,2010,10.80000019,Americas,Central Americas,41.8,3.8703703022805223
Brazil,BRA,2010,7.900000095,Americas,South America,22.2,2.8101265484858198
Barbados,BRB,2010,10.80000019,Americas,Caribbean,11.1,1.0277777596965023
Bhutan,BTN,2010,3.299999952,Asia,Southern Asia,1.7,0.5151515226446283
Canada,CAN,2010,8.0,Americas,Northern America,1.4,0.175
Switzerland,CHE,2010,4.5,Europe,Western Europe,0.7,0.15555555555555556
Chile,CHL,2010,8.100000381,Americas,South America,3.2,0.3950617098125295
China,CHN,2010,4.199999809,Asia,Eastern Asia,1.0,0.23809524892290296
Colombia,COL,2010,12.0,Americas,South America,32.3,2.6916666666666664
Cabo Verde,CPV,2010,9.300000191,Africa,Western Africa,10.7,1.1505376107792813
Costa Rica,CRI,2010,7.300000191,Americas,Central Americas,11.3,1.5479451649784213
Cyprus,CYP,2010,6.300000191,Asia,Western Asia,0.7,0.11111110774250452
Czech Republic,CZE,2010,7.300000191,Europe,Eastern Europe,1.0,0.13698629778570098
Germany,DEU,2010,7.099999905,Europe,Western Europe,0.8,0.11267605784566558
Denmark,DNK,2010,7.5,Europe,Northern Europe,0.8,0.10666666666666667
Dominican Republic,DOM,2010,12.399999619999999,Americas,Caribbean,24.7,1.9919355449141538
Algeria,DZA,2010,10.0,Africa,Northern Africa,0.7,0.06999999999999999
Ecuador,ECU,2010,5.0,Americas,South America,17.6,3.5200000000000005
Spain,ESP,2010,20.200000760000002,Europe,Southern Europe,0.8,0.03960395890598967
Estonia,EST,2010,16.89999962,Europe,Northern Europe,5.4,0.3195266344035575
Finland,FIN,2010,8.399999619,Europe,Northern Europe,2.2,0.26190477378401417
France,FRA,2010,9.300000191,Europe,Western Europe,1.1,0.1182795674632906
United Kingdom,GBR,2010,7.900000095,Europe,Northern Europe,1.2,0.15189873235058485
Georgia,GEO,2010,16.299999239999998,Asia,Western Asia,4.3,0.2638036932816446
Greece,GRC,2010,12.5,Europe,Southern Europe,1.6,0.128
Guatemala,GTM,2010,3.700000048,Americas,Central Americas,41.6,11.243243097384955
Guyana,GUY,2010,11.30000019,Americas,South America,17.8,1.5752212124520326
Honduras,HND,2010,4.800000191,Americas,Central Americas,81.8,17.041665988550374
Croatia,HRV,2010,11.80000019,Europe,Southern Europe,1.4,0.1186440658862396
Haiti,HTI,2010,8.100000381,Americas,Caribbean,6.8,0.8395061333516252
Hungary,HUN,2010,11.19999981,Europe,Eastern Europe,1.3,0.1160714305404975
Indonesia,IDN,2010,7.099999905,Asia,South-Eastern Asia,0.4,0.05633802892283279
India,IND,2010,3.5,Asia,Southern Asia,3.5,1.0
Ireland,IRL,2010,13.899999619999999,Europe,Northern Europe,1.2,0.08633093761192491
Iceland,ISL,2010,7.599999905,Europe,Northern Europe,0.6,0.07894736940789475
Israel,ISR,2010,6.599999905,Asia,Western Asia,2.0,0.3030303073921029
Italy,ITA,2010,8.399999619,Europe,Southern Europe,0.9,0.10714286200255123
Jamaica,JAM,2010,12.399999619999999,Americas,Caribbean,52.6,4.24193561386577
Jordan,JOR,2010,12.5,Asia,Western Asia,1.7,0.136
Japan,JPN,2010,5.0,Asia,Eastern Asia,0.4,0.08
Kazakhstan,KAZ,2010,5.800000191,Asia,Central Asia,8.7,1.4999999506034498
Kenya,KEN,2010,9.300000191,Africa,Eastern Africa,5.5,0.591397837316453
Lebanon,LBN,2010,6.199999809,Asia,Western Asia,2.2,0.3548387206087412
Liberia,LBR,2010,3.700000048,Africa,Western Africa,3.3,0.8918918803214025
Sri Lanka,LKA,2010,4.900000095,Asia,Southern Asia,3.6,0.7346938633069557
Lesotho,LSO,2010,28.299999239999998,Africa,Southern Africa,38.0,1.3427562198054674
Lithuania,LTU,2010,17.799999239999998,Europe,Northern Europe,7.1,0.3988764215250607
Luxembourg,LUX,2010,4.400000095,Europe,Western Europe,2.0,0.4545454447314051
Latvia,LVA,2010,18.700000760000002,Europe,Northern Europe,3.3,0.1764705810632277
Morocco,MAR,2010,9.100000381,Africa,Northern Africa,1.4,0.15384614740490307
Mexico,MEX,2010,5.199999809,Americas,Central Americas,21.8,4.192307846294384
Malta,MLT,2010,6.900000095,Europe,Southern Europe,0.9,0.13043478081285448
Montenegro,MNE,2010,19.700000760000002,Europe,Southern Europe,2.4,0.12182740646757212
Mongolia,MNG,2010,6.5,Asia,Eastern Asia,8.8,1.353846153846154
Mauritius,MUS,2010,7.699999809,Africa,Eastern Africa,2.7,0.3506493593472763
Malawi,MWI,2010,7.5,Africa,Eastern Africa,3.5,0.4666666666666667
Namibia,NAM,2010,22.10000038,Africa,Southern Africa,14.4,0.6515836992035382
Nicaragua,NIC,2010,8.0,Americas,Central Americas,13.5,1.6875
Netherlands,NLD,2010,4.5,Europe,Western Europe,0.9,0.2
Norway,NOR,2010,3.5999999049999998,Europe,Northern Europe,0.6,0.16666667106481495
Nepal,NPL,2010,2.700000048,Asia,Southern Asia,3.0,1.1111110913580249
New Zealand,NZL,2010,6.5,Oceania,Australia and New Zealand,1.0,0.15384615384615385
Pakistan,PAK,2010,5.099999905,Asia,Southern Asia,7.6,1.4901961061899274
Panama,PAN,2010,6.5,Americas,Central Americas,20.6,3.1692307692307695
Peru,PER,2010,4.0,Americas,South America,9.3,2.325
Papua New Guinea,PNG,2010,2.5,Oceania,Melanesia,10.4,4.16
Poland,POL,2010,9.600000381,Europe,Eastern Europe,1.1,0.11458332878580749
Puerto Rico,PRI,2010,16.200000760000002,Americas,Caribbean,26.5,1.6358023923944556
Portugal,PRT,2010,10.80000019,Europe,Southern Europe,1.2,0.11111110915637863
Paraguay,PRY,2010,5.699999809,Americas,South America,11.5,2.017543927254542
Romania,ROU,2010,7.300000191,Europe,Eastern Europe,1.8,0.24657533601426176
Russian Federation,RUS,2010,7.300000191,Europe,Eastern Europe,10.1,1.38356160763558
Singapore,SGP,2010,3.0999999049999998,Asia,South-Eastern Asia,0.4,0.12903226201873064
Sierra Leone,SLE,2010,3.4000000950000002,Africa,Western Africa,2.8,0.8235293887543258
El Salvador,SLV,2010,7.0,Americas,Central Americas,64.1,9.157142857142857
Serbia,SRB,2010,19.200000760000002,Europe,Southern Europe,1.3,0.06770833065321191
Slovenia,SVN,2010,7.199999809,Europe,Southern Europe,0.7,0.09722222480131179
Sweden,SWE,2010,8.699999809,Europe,Northern Europe,1.0,0.11494253125908316
Syrian Arab Republic,SYR,2010,8.399999619,Asia,Western Asia,2.2,0.26190477378401417
Thailand,THA,2010,1.0,Asia,South-Eastern Asia,5.5,5.5
Tajikistan,TJK,2010,11.600000380000001,Asia,Central Asia,2.4,0.20689654494649248
Timor-Leste,TLS,2010,3.9000000950000002,Asia,South-Eastern Asia,3.6,0.9230769005917165
Trinidad and Tobago,TTO,2010,5.900000095,Americas,Caribbean,35.6,6.0338982079287575
Turkey,TUR,2010,11.899999619999999,Asia,Western Asia,2.7,0.22689076354777232
Uganda,UGA,2010,4.199999809,Africa,Eastern Africa,9.3,2.214285814982998
Ukraine,UKR,2010,8.100000381,Europe,Eastern Europe,4.3,0.5308641725605865
Uruguay,URY,2010,7.199999809,Americas,South America,6.1,0.8472222446971456
South Africa,ZAF,2010,24.700000760000002,Africa,Southern Africa,31.0,1.2550606901276873
Afghanistan,AFG,2011,8.899999619,Asia,Southern Asia,4.2,0.4719101325615461
Albania,ALB,2011,14.0,Europe,Southern Europe,4.5,0.32142857142857145
Armenia,ARM,2011,18.39999962,Asia,Western Asia,2.2,0.11956521986058607
Australia,AUS,2011,5.099999905,Oceania,Australia and New Zealand,1.1,0.21568627852748953
Austria,AUT,2011,4.099999905,Europe,Western Europe,0.8,0.1951219557406307
Belgium,BEL,2011,7.099999905,Europe,Western Europe,1.9,0.2676056373834557
Bulgaria,BGR,2011,11.30000019,Europe,Eastern Europe,1.7,0.15044247534654245
Bahrain,BHR,2011,4.0,Asia,Western Asia,0.5,0.125
Bosnia and Herzegovina,BIH,2011,27.60000038,Europe,Southern Europe,1.3,0.04710144862686411
Belize,BLZ,2011,12.30000019,Americas,Central Americas,39.2,3.1869918206887444
Brazil,BRA,2011,6.699999809,Americas,South America,23.4,3.4925374129962155
Barbados,BRB,2011,11.19999981,Americas,Caribbean,9.6,0.8571428716836738
Canada,CAN,2011,7.400000095,Americas,Northern America,1.5,0.2027027001004383
Switzerland,CHE,2011,4.0,Europe,Western Europe,0.6,0.15
Chile,CHL,2011,7.099999905,Americas,South America,3.7,0.5211267675362032
Colombia,COL,2011,11.100000380000001,Americas,South America,33.6,3.0270269233990783
Cabo Verde,CPV,2011,9.199999809,Africa,Western Africa,15.1,1.6413043819009931
Costa Rica,CRI,2011,7.699999809,Americas,Central Americas,10.0,1.2987013309158382
Cyprus,CYP,2011,7.900000095,Asia,Western Asia,0.8,0.10126582156705657
Czech Republic,CZE,2011,6.699999809,Europe,Eastern Europe,0.8,0.1194029884785031
Germany,DEU,2011,5.900000095,Europe,Western Europe,0.8,0.1355932181557024
Denmark,DNK,2011,7.599999905,Europe,Northern Europe,0.8,0.10526315921052634
Dominican Republic,DOM,2011,14.69999981,Americas,Caribbean,24.8,1.6870748517377023
Algeria,DZA,2011,10.0,Africa,Northern Africa,0.7,0.06999999999999999
Ecuador,ECU,2011,4.199999809,Americas,South America,15.4,3.6666668334127057
Spain,ESP,2011,21.700000760000002,Europe,Southern Europe,0.8,0.03686635815583262
Estonia,EST,2011,12.5,Europe,Northern Europe,5.0,0.4
Finland,FIN,2011,7.699999809,Europe,Northern Europe,2.1,0.272727279492326
France,FRA,2011,9.199999809,Europe,Western Europe,1.2,0.13043478531663522
United Kingdom,GBR,2011,7.800000191,Europe,Northern Europe,1.0,0.1282051250657463
Greece,GRC,2011,17.700000760000002,Europe,Southern Europe,1.7,0.09604519361613857
Guatemala,GTM,2011,4.099999905,Americas,Central Americas,38.6,9.414634364485432
Guyana,GUY,2011,11.100000380000001,Americas,South America,16.4,1.4774774268971689
Honduras,HND,2011,4.400000095,Americas,Central Americas,91.4,20.772726824225217
Croatia,HRV,2011,13.399999619999999,Europe,Southern Europe,1.1,0.08208955456671872
Haiti,HTI,2011,6.800000191,Americas,Caribbean,9.1,1.3382352565289803
Hungary,HUN,2011,10.899999619999999,Europe,Eastern Europe,1.4,0.12844037145021478
Indonesia,IDN,2011,6.599999905,Asia,South-Eastern Asia,0.6,0.09090909221763087
India,IND,2011,3.5,Asia,Southern Asia,3.6,1.0285714285714287
Ireland,IRL,2011,14.600000380000001,Europe,Northern Europe,0.9,0.0616438340120098
Iceland,ISL,2011,7.099999905,Europe,Northern Europe,0.9,0.12676056507637376
Israel,ISR,2011,5.599999905,Asia,Western Asia,2.0,0.3571428632015307
Italy,ITA,2011,8.399999619,Europe,Southern Europe,0.9,0.10714286200255123
Jamaica,JAM,2011,12.69999981,Americas,Caribbean,41.1,3.236220520856843
Jordan,JOR,2011,12.899999619999999,Asia,Western Asia,2.0,0.15503876425695587
Japan,JPN,2011,4.5,Asia,Eastern Asia,0.3,0.06666666666666667
Kazakhstan,KAZ,2011,5.400000095,Asia,Central Asia,8.8,1.62962960096022
Kenya,KEN,2011,9.199999809,Africa,Eastern Africa,6.3,0.6847826229123349
Liberia,LBR,2011,3.700000048,Africa,Western Africa,3.9,1.0540540403798395
Sri Lanka,LKA,2011,4.199999809,Asia,Southern Asia,3.4,0.8095238463378701
Lithuania,LTU,2011,15.30000019,Europe,Northern Europe,6.9,0.45098038655645273
Luxembourg,LUX,2011,4.900000095,Europe,Western Europe,0.8,0.16326530295710126
Latvia,LVA,2011,16.200000760000002,Europe,Northern Europe,3.3,0.20370369414723408
Morocco,MAR,2011,8.899999619,Africa,Northern Africa,1.4,0.15730337752051535
Mexico,MEX,2011,5.300000191,Americas,Central Americas,22.8,4.301886637422577
Malta,MLT,2011,6.5,Europe,Southern Europe,0.7,0.10769230769230768
Montenegro,MNE,2011,19.700000760000002,Europe,Southern Europe,3.4,0.17258882582906052
Mongolia,MNG,2011,4.800000191,Asia,Eastern Asia,9.7,2.02083325292101
Mauritius,MUS,2011,7.900000095,Africa,Eastern Africa,2.8,0.35443037548469797
Malawi,MWI,2011,7.599999905,Africa,Eastern Africa,2.2,0.28947368782894745
Namibia,NAM,2011,19.799999239999998,Africa,Southern Africa,13.9,0.7020202289664331
Nicaragua,NIC,2011,7.800000191,Americas,Central Americas,12.5,1.6025640633218288
Netherlands,NLD,2011,4.400000095,Europe,Western Europe,0.9,0.20454545012913233
Norway,NOR,2011,3.299999952,Europe,Northern Europe,2.2,0.6666666763636366
Nepal,NPL,2011,2.700000048,Asia,Southern Asia,2.9,1.074074054979424
New Zealand,NZL,2011,6.5,Oceania,Australia and New Zealand,0.9,0.13846153846153847
Oman,OMN,2011,7.5,Asia,Western Asia,1.1,0.14666666666666667
Pakistan,PAK,2011,5.099999905,Asia,Southern Asia,7.9,1.5490196366974247
Panama,PAN,2011,4.5,Americas,Central Americas,20.3,4.511111111111111
Peru,PER,2011,3.9000000950000002,Americas,South America,9.6,2.4615384015779105
Poland,POL,2011,9.600000381,Europe,Eastern Europe,1.2,0.1249999950390627
Portugal,PRT,2011,12.69999981,Europe,Southern Europe,1.1,0.08661417452414907
Paraguay,PRY,2011,4.300000191,Americas,South America,10.0,2.3255812920497614
Romania,ROU,2011,7.400000095,Europe,Eastern Europe,1.5,0.2027027001004383
Russian Federation,RUS,2011,6.5,Europe,Eastern Europe,9.6,1.4769230769230768
Singapore,SGP,2011,2.9000000950000002,Asia,South-Eastern Asia,0.3,0.10344827247324624
Sierra Leone,SLE,2011,3.4000000950000002,Africa,Western Africa,3.2,0.9411764442906582
El Salvador,SLV,2011,6.599999905,Americas,Central Americas,69.9,10.590909243353998
Serbia,SRB,2011,23.0,Europe,Southern Europe,1.4,0.0608695652173913
Slovenia,SVN,2011,8.199999809,Europe,Southern Europe,0.8,0.09756097788221303
Sweden,SWE,2011,7.800000191,Europe,Northern Europe,0.9,0.11538461255917168
Thailand,THA,2011,0.699999988,Asia,South-Eastern Asia,5.0,7.142857265306125
Tajikistan,TJK,2011,11.399999619999999,Asia,Central Asia,1.6,0.1403508818713452
Trinidad and Tobago,TTO,2011,4.699999809,Americas,Caribbean,26.4,5.617021504861937
Turkey,TUR,2011,9.800000191,Asia,Western Asia,2.6,0.2653061172782175
Uganda,UGA,2011,4.199999809,Africa,Eastern Africa,10.7,2.5476191634750616
Uruguay,URY,2011,6.300000191,Americas,South America,5.9,0.9365079081153953
South Africa,ZAF,2011,24.700000760000002,Africa,Southern Africa,30.0,1.214574861413891
Afghanistan,AFG,2012,8.5,Asia,Southern Asia,6.5,0.7647058823529411
Albania,ALB,2012,13.899999619999999,Europe,Southern Europe,5.0,0.35971224004968716
Armenia,ARM,2012,17.299999239999998,Asia,Western Asia,1.8,0.10404624734538429
Australia,AUS,2012,5.199999809,Oceania,Australia and New Zealand,1.1,0.21153846930843223
Austria,AUT,2012,4.300000191,Europe,Western Europe,0.9,0.20930231628447854
Belgium,BEL,2012,7.5,Europe,Western Europe,1.6,0.21333333333333335
Bangladesh,BGD,2012,4.5,Asia,Southern Asia,2.7,0.6000000000000001
Bulgaria,BGR,2012,12.30000019,Europe,Eastern Europe,1.9,0.15447154232930135
Belize,BLZ,2012,14.399999619999999,Americas,Central Americas,44.7,3.1041667485821787
Brazil,BRA,2012,6.099999905,Americas,South America,25.2,4.131147605321151
Barbados,BRB,2012,11.600000380000001,Americas,Caribbean,7.4,0.6379310135850185
Canada,CAN,2012,7.199999809,Americas,Northern America,1.6,0.22222222811728412
Chile,CHL,2012,6.400000095,Americas,South America,3.1,0.4843749928100587
Colombia,COL,2012,10.600000380000001,Americas,South America,30.8,2.9056602731933108
Cabo Verde,CPV,2012,9.100000381,Africa,Western Africa,10.3,1.1318680844789297
Costa Rica,CRI,2012,7.800000191,Americas,Central Americas,8.5,1.0897435630588437
Cyprus,CYP,2012,11.80000019,Asia,Western Asia,2.0,0.16949152269462803
Czech Republic,CZE,2012,7.0,Europe,Eastern Europe,1.0,0.14285714285714285
Denmark,DNK,2012,7.5,Europe,Northern Europe,0.8,0.10666666666666667
Dominican Republic,DOM,2012,14.69999981,Americas,Caribbean,22.1,1.5034013799759363
Ecuador,ECU,2012,4.099999905,Americas,South America,12.4,3.024390313979776
Spain,ESP,2012,25.200000760000002,Europe,Southern Europe,0.8,0.03174603078861177
Finland,FIN,2012,7.599999905,Europe,Northern Europe,1.6,0.21052631842105268
France,FRA,2012,9.899999619,Europe,Western Europe,1.0,0.10101010489745958
Guatemala,GTM,2012,2.9000000950000002,Americas,Central Americas,39.9,13.758620238941749
Guyana,GUY,2012,11.19999981,Americas,South America,17.0,1.5178571686065057
Honduras,HND,2012,4.0,Americas,Central Americas,90.4,22.6
Croatia,HRV,2012,15.80000019,Europe,Southern Europe,1.2,0.07594936617529242
Haiti,HTI,2012,7.0,Americas,Caribbean,10.2,1.457142857142857
Hungary,HUN,2012,10.899999619999999,Europe,Eastern Europe,1.3,0.11926605920377088
Indonesia,IDN,2012,6.099999905,Asia,South-Eastern Asia,0.6,0.09836065726955122
India,IND,2012,3.5999999049999998,Asia,Southern Asia,3.5,0.9722222478780872
Ireland,IRL,2012,14.69999981,Europe,Northern Europe,1.2,0.08163265411634042
Iceland,ISL,2012,6.0,Europe,Northern Europe,0.3,0.049999999999999996
Israel,ISR,2012,6.900000095,Asia,Western Asia,1.8,0.26086956162570896
Italy,ITA,2012,10.69999981,Europe,Southern Europe,0.9,0.08411215102629054
Jamaica,JAM,2012,13.69999981,Americas,Caribbean,39.3,2.868613178469818
Kazakhstan,KAZ,2012,5.300000191,Asia,Central Asia,7.8,1.4716980601708813
Kenya,KEN,2012,9.199999809,Africa,Eastern Africa,6.4,0.6956521883553879
Liberia,LBR,2012,3.700000048,Africa,Western Africa,3.2,0.8648648536449965
Lithuania,LTU,2012,13.19999981,Europe,Northern Europe,6.7,0.5075757648817724
Latvia,LVA,2012,14.899999619999999,Europe,Northern Europe,4.7,0.31543624965542116
Morocco,MAR,2012,9.0,Africa,Northern Africa,2.2,0.24444444444444446
Mexico,MEX,2012,4.900000095,Americas,Central Americas,21.5,4.387755016972096
Malta,MLT,2012,6.400000095,Europe,Southern Europe,2.8,0.43749999350585944
Montenegro,MNE,2012,19.60000038,Europe,Southern Europe,2.7,0.1377550993700542
Malawi,MWI,2012,7.599999905,Africa,Eastern Africa,1.8,0.23684210822368426
Namibia,NAM,2012,16.700000760000002,Africa,Southern Africa,17.2,1.0299400728889545
Nicaragua,NIC,2012,7.099999905,Americas,Central Americas,11.3,1.5915493170700261
Netherlands,NLD,2012,5.300000191,Europe,Western Europe,0.9,0.16981131463510168
New Zealand,NZL,2012,6.900000095,Oceania,Australia and New Zealand,0.9,0.13043478081285448
Pakistan,PAK,2012,5.099999905,Asia,Southern Asia,7.7,1.5098039496924267
Panama,PAN,2012,4.0,Americas,Central Americas,17.2,4.3
Peru,PER,2012,3.5999999049999998,Americas,South America,9.6,2.666666737037039
Puerto Rico,PRI,2012,14.600000380000001,Americas,Caribbean,26.5,1.8150684459091773
Portugal,PRT,2012,15.600000380000001,Europe,Southern Europe,1.2,0.0769230750493097
Paraguay,PRY,2012,4.900000095,Americas,South America,9.7,1.9795917983548525
Romania,ROU,2012,7.0,Europe,Eastern Europe,1.7,0.24285714285714285
Russian Federation,RUS,2012,5.5,Europe,Eastern Europe,9.2,1.6727272727272726
Singapore,SGP,2012,2.799999952,Asia,South-Eastern Asia,0.2,0.07142857265306125
Sierra Leone,SLE,2012,3.4000000950000002,Africa,Western Africa,1.9,0.5588235137975782
El Salvador,SLV,2012,6.099999905,Americas,Central Americas,41.2,6.754098465842517
Serbia,SRB,2012,23.89999962,Europe,Southern Europe,1.2,0.05020920581922587
Slovenia,SVN,2012,8.800000191,Europe,Southern Europe,0.7,0.07954545281895664
Sweden,SWE,2012,8.100000381,Europe,Northern Europe,0.7,0.08641974902149083
Trinidad and Tobago,TTO,2012,5.0,Americas,Caribbean,28.3,5.66
Uruguay,URY,2012,6.5,Americas,South America,7.9,1.2153846153846155
South Africa,ZAF,2012,25.0,Africa,Southern Africa,31.0,1.24
